uid,label,sex,age,bmi,smoke,location,rs10007052,rs8192288,rs20541,rs12922394,rs2910164,rs161976,rs473892,rs159497,rs9296092,class,Asthma_Diagnosis,risk_level
copdcontrol1,0.0,2,28,19.22,0.0,4.63,1.671,1.0,0.44863204,0.42328036,1.0,1.0,1.473,1.0,1.0,train,,
copdcontrol69,0.0,1,53,20.44,0.0,4.63,1.671,1.0,1.0,0.6506,1.416,1.0,1.0,1.0,1.0,train,,
copdcontrol68,0.0,1,58,20.45,1.0,4.63,1.0,1.0,0.6698,1.0,1.416,1.0,1.473,1.0,1.0,train,,
copdcontrol85,0.0,2,30,20.7,0.0,4.63,1.671,1.0,0.44863204,1.0,1.416,,1.473,1.0,1.0,train,,
copdcontrol78,0.0,1,55,20.76,1.0,4.63,1.671,1.0,0.6698,0.6506,1.0,1.0,1.473,2.088025,1.0,train,,
copdcontrol62,0.0,2,55,20.81,0.0,4.63,1.0,0.5927,0.6698,1.0,2.005056,1.0,1.0,1.0,1.0,train,,
copdcontrol14,0.0,1,66,21.26,0.0,4.63,1.0,1.0,1.0,1.0,1.416,1.0,1.0,1.0,1.0,train,,
control291,0.0,2,26,21.34,0.0,4.63,1.0,1.0,,1.0,1.0,,1.0,1.445,1.0,train,,
copdcontrol70,0.0,1,58,21.45,1.0,4.63,1.0,0.5927,1.0,1.0,1.416,1.0,1.473,1.0,1.0,train,,
copdcontrol75,0.0,1,69,21.45,0.0,4.63,1.671,1.0,1.0,0.6506,2.005056,1.594,1.0,1.445,1.0,train,,
copdcontrol15,0.0,2,52,21.48,0.0,4.63,,,0.6698,1.0,1.0,1.0,1.0,,1.0,train,,
copdcontrol90,0.0,2,70,21.91,0.0,4.63,1.671,1.0,0.6698,0.6506,1.416,1.594,1.473,1.0,1.0,train,,
copdcontrol66,0.0,2,81,22.04,0.0,4.63,1.0,0.35129329,1.0,0.6506,2.005056,1.0,1.0,1.445,1.0,train,,
copdcontrol67,0.0,2,60,22.06,0.0,4.63,1.671,0.5927,0.6698,0.6506,1.0,1.0,1.0,1.0,1.0,train,,
copdcontrol59,0.0,2,55,22.6,0.0,4.63,1.0,1.0,0.44863204,0.6506,1.0,1.0,1.0,1.0,1.0,train,,
copdcontrol81,0.0,2,58,22.6,0.0,4.63,1.671,1.0,1.0,1.0,1.0,1.594,1.473,1.445,1.0,train,,
copdcontrol65,0.0,1,62,22.68,1.0,4.63,1.0,1.0,0.6698,1.0,1.0,,1.473,1.445,1.0,train,,
copdcontrol2,0.0,1,30,22.75,1.0,4.63,1.0,0.5927,1.0,1.0,1.0,1.594,1.473,1.445,1.0,train,,
copdcontrol5,0.0,1,31,22.84,0.0,4.63,1.671,0.5927,0.6698,1.0,1.416,1.0,2.169729,1.0,1.0,train,,
copdcontrol95,0.0,1,31,22.98,0.0,4.63,1.0,0.5927,1.0,1.0,2.005056,1.0,1.473,1.0,1.832,train,,
copdcontrol84,0.0,2,57,23.03,0.0,4.63,1.671,1.0,,0.6506,1.416,1.0,1.473,1.445,1.0,train,,
copdcontrol58,0.0,1,60,23.34,1.0,4.63,1.0,0.5927,0.6698,1.0,1.0,1.0,1.0,1.445,1.0,train,,
copdcontrol80,0.0,2,55,23.44,0.0,4.63,1.671,1.0,0.6698,0.6506,1.416,1.0,1.0,1.0,1.0,train,,
copdcontrol57,0.0,2,56,23.73,0.0,4.63,1.671,1.0,0.6698,0.6506,1.416,1.0,1.0,1.0,1.0,train,,
copdcontrol61,0.0,2,50,23.73,0.0,4.63,1.0,1.0,0.6698,0.6506,1.0,1.0,1.0,1.0,1.0,train,,
copdcontrol55,0.0,2,54,23.77,0.0,4.63,1.0,1.0,1.0,0.6506,1.416,1.0,1.0,1.445,1.0,train,,
copdcontrol63,0.0,1,60,23.88,1.0,4.63,1.0,1.0,1.0,1.0,1.416,1.594,2.169729,1.445,1.0,train,,
copdcontrol3,0.0,1,31,24.09,0.0,4.63,1.0,1.0,0.6698,0.6506,1.416,1.0,1.0,1.0,1.832,train,,
copdcontrol4,0.0,1,43,24.2,1.0,4.63,1.671,1.0,0.6698,0.6506,2.005056,1.0,1.0,1.0,1.832,train,,
copdcontrol91,0.0,1,62,24.22,1.0,4.63,1.0,1.0,1.0,1.0,1.416,1.594,1.0,1.0,1.0,train,,
copdcontrol74,0.0,2,73,24.4,0.0,4.63,1.671,1.0,1.0,0.6506,1.0,2.540836,1.0,1.445,1.0,train,,
copdcontrol89,0.0,2,52,25.0,0.0,4.63,1.0,1.0,0.6698,1.0,1.0,1.0,1.473,1.0,1.832,train,,
copdcontrol88,0.0,1,68,25.65,1.0,4.63,1.0,0.5927,0.6698,0.6506,1.0,1.0,2.169729,2.088025,1.0,train,,
copdcontrol56,0.0,1,50,25.71,1.0,4.63,1.0,1.0,0.6698,0.6506,1.0,1.0,1.0,1.445,1.0,train,,
copdcontrol64,0.0,1,58,25.71,1.0,4.63,1.671,1.0,1.0,0.6506,1.416,1.594,1.473,1.445,1.0,train,,
copdcontrol92,0.0,1,50,25.88,1.0,4.63,1.671,0.5927,0.6698,1.0,1.416,1.0,1.473,1.0,1.0,train,,
copdcontrol60,0.0,1,56,26.03,0.0,4.63,1.0,0.5927,0.6698,1.0,1.416,1.0,1.0,2.088025,1.0,train,,
copdcontrol93,0.0,1,59,26.79,1.0,4.63,1.671,1.0,1.0,1.0,1.416,1.0,1.0,1.445,1.0,train,,
copdcontrol77,0.0,2,69,27.06,0.0,4.63,1.0,1.0,1.0,1.0,2.005056,1.0,1.0,1.0,1.0,train,,
control290,0.0,1,54,29.41,0.0,4.63,1.0,0.5927,0.44863204,1.0,1.0,1.0,1.0,1.0,1.0,train,,
copdcontrol73,0.0,1,53,31.14,1.0,4.63,1.0,1.0,0.6698,0.6506,1.416,1.0,1.0,1.0,1.0,train,,
control293,0.0,2,59,33.3,0.0,4.63,1.0,0.5927,1.0,0.6506,1.0,,1.0,1.0,1.0,train,,
copdcontrol12,0.0,1,36,23.15,0.0,5.31,1.0,1.0,0.44863204,1.0,1.0,1.0,1.0,1.0,1.0,train,,
case115,1.0,1,51,43.56,1.0,5.31,1.671,1.0,0.6698,0.6506,1.416,1.594,1.0,1.0,1.0,train,,
case116,1.0,1,74,21.89,1.0,5.31,1.0,1.0,1.0,1.0,2.005056,1.0,1.473,1.0,1.0,train,,
case117,1.0,1,73,18.94,1.0,5.31,1.0,0.5927,1.0,1.0,1.416,1.0,1.473,1.445,1.0,train,,
case118,1.0,1,63,20.76,1.0,5.31,1.0,1.0,1.0,1.0,2.005056,,1.0,1.445,1.0,train,,
case119,1.0,2,55,23.31,0.0,5.31,2.792241,1.0,1.0,0.6506,1.416,1.0,1.0,1.445,1.832,train,,
case120,1.0,1,64,23.15,1.0,5.31,1.0,1.0,0.44863204,1.0,1.416,1.0,1.0,2.088025,3.356224,train,,
case121,1.0,2,72,22.04,0.0,5.31,1.0,1.0,0.6698,0.6506,1.0,1.0,1.0,1.445,1.0,train,,
case122,1.0,1,86,20.06,1.0,5.31,1.671,1.0,0.6698,1.0,1.416,1.594,1.0,1.0,1.0,train,,
case127,1.0,1,55,23.42,1.0,5.31,1.671,1.0,0.6698,1.0,1.416,1.0,1.473,1.0,1.0,train,,
case128,1.0,1,72,31.98,1.0,5.31,1.0,1.0,0.6698,0.42328036,1.416,1.0,1.473,1.445,1.0,train,,
case129,1.0,1,65,23.72,1.0,5.31,1.0,1.0,1.0,1.0,1.416,1.594,1.0,1.0,1.0,train,,
case130,1.0,1,59,21.22,1.0,5.31,1.671,1.0,1.0,0.6506,1.416,1.0,2.169729,1.0,1.0,train,,
case131,1.0,1,62,19.59,1.0,5.31,1.671,1.0,1.0,1.0,1.416,1.0,1.473,1.0,3.356224,train,,
case132,1.0,1,26,29.07,1.0,5.31,1.671,0.5927,0.6698,0.6506,1.416,1.0,1.473,1.0,1.832,train,,
case133,1.0,1,80,24.22,1.0,5.31,1.671,1.0,1.0,1.0,1.0,1.0,1.473,1.445,1.0,train,,
case134,1.0,1,54,27.68,1.0,5.31,1.0,1.0,1.0,1.0,1.0,1.594,1.0,1.445,1.0,train,,
case135,1.0,1,63,27.06,1.0,5.31,1.671,1.0,0.6698,1.0,2.005056,1.594,1.0,1.445,1.0,train,,
case136,1.0,1,77,21.16,1.0,5.31,1.0,1.0,0.6698,1.0,1.0,1.0,1.0,1.0,1.0,train,,
case137,1.0,1,78,23.41,1.0,5.31,1.671,1.0,1.0,1.0,2.005056,1.594,2.169729,1.445,1.0,train,,
case138,1.0,1,80,25.34,1.0,5.31,1.671,1.0,0.6698,1.0,1.0,1.594,1.473,1.445,1.0,train,,
case139,1.0,1,73,21.48,1.0,5.31,1.0,0.5927,0.6698,1.0,1.416,1.594,1.0,1.445,1.0,train,,
case140,1.0,2,78,18.37,1.0,5.31,1.0,0.5927,0.6698,0.6506,2.005056,1.0,1.0,1.445,1.0,train,,
case142,1.0,1,66,24.09,1.0,5.31,1.671,1.0,0.6698,0.6506,1.0,1.0,1.473,,1.0,train,,
case143,1.0,1,79,21.88,0.0,5.31,1.0,1.0,0.6698,1.0,1.0,1.594,1.0,1.445,1.832,train,,
case144,1.0,2,73,24.22,0.0,5.31,1.0,1.0,0.6698,1.0,1.416,1.0,1.473,1.0,1.0,train,,
case145,1.0,1,54,24.22,0.0,5.31,1.671,0.5927,0.6698,1.0,2.005056,1.0,1.473,1.445,1.0,train,,
case146,1.0,1,81,23.43,1.0,5.31,1.0,1.0,0.6698,0.6506,1.0,1.0,1.473,1.445,1.0,train,,
case147,1.0,2,85,16.65,1.0,5.31,1.671,1.0,0.44863204,1.0,1.416,2.540836,1.473,1.0,1.832,train,,
case148,1.0,1,57,16.53,1.0,5.31,1.0,1.0,1.0,1.0,1.416,1.0,1.0,,1.0,train,,
case149,1.0,1,72,23.89,1.0,5.31,2.792241,1.0,0.6698,0.6506,1.416,1.0,1.0,1.0,1.0,train,,
case150,1.0,1,41,29.07,1.0,5.31,1.671,1.0,0.6698,1.0,1.416,1.0,1.264887277,1.0,1.0,train,,
case151,1.0,1,83,21.48,1.0,5.31,1.671,0.5927,0.6698,1.0,2.005056,1.594,1.473,1.445,3.356224,train,,
case152,1.0,2,73,24.22,0.0,5.31,1.0,1.0,0.6698,1.0,1.416,1.0,1.473,1.0,1.0,train,,
case153,1.0,1,43,27.68,1.0,5.31,1.671,1.0,1.0,0.6506,2.005056,1.594,1.0,1.445,1.0,train,,
case154,1.0,1,85,29.38,0.0,5.31,1.0,1.0,1.0,0.6506,2.005056,1.594,1.473,1.0,1.832,train,,
case155,1.0,1,52,22.72,0.0,5.31,1.0,0.35129329,1.0,1.0,2.005056,1.594,1.0,1.0,1.832,train,,
case156,1.0,1,53,26.54,1.0,5.31,1.0,1.0,1.0,1.0,1.0,1.0,1.473,1.445,1.0,train,,
case157,1.0,2,65,24.97,1.0,5.31,1.0,0.5927,1.0,0.42328036,2.005056,1.594,1.0,2.088025,1.0,train,,
case158,1.0,1,63,23.81,1.0,5.31,1.0,1.0,1.0,1.0,2.005056,1.0,1.264887277,1.0,1.0,train,,
case159,1.0,2,79,30.63,0.0,5.31,1.0,1.0,0.6698,1.0,1.416,1.0,1.0,1.0,1.0,train,,
case160,1.0,2,83,24.14,0.0,5.31,1.0,1.0,0.6698,1.0,1.0,1.0,1.473,2.088025,1.0,train,,
case162,1.0,1,43,26.42,1.0,5.31,1.0,1.0,1.0,0.6506,1.0,1.0,2.169729,1.0,1.0,train,,
case163,1.0,1,79,25.95,1.0,5.31,2.792241,0.5927,1.0,1.0,2.005056,1.0,1.0,1.445,1.0,train,,
case164,1.0,1,65,23.87,1.0,5.31,1.0,1.0,0.44863204,0.6506,1.0,1.0,1.473,1.445,1.832,train,,
case165,1.0,1,80,24.89,1.0,5.31,1.0,0.5927,1.0,1.0,1.416,2.540836,1.0,1.445,1.0,train,,
case166,1.0,1,63,23.05,1.0,5.31,1.0,1.0,0.6698,0.6506,1.416,1.594,1.0,1.0,1.0,train,,
case167,1.0,1,41,28.65,0.0,5.31,1.671,1.0,0.6698,1.0,1.416,2.540836,1.0,1.0,1.0,train,,
case168,1.0,1,84,27.34,1.0,5.31,1.671,1.0,0.6698,0.6506,1.0,1.0,1.0,,1.0,train,,
case169,1.0,2,77,29.38,0.0,5.31,1.671,1.0,0.6698,1.0,1.416,1.594,1.0,1.0,1.0,train,,
case170,1.0,2,61,25.39,0.0,5.31,1.0,1.0,1.0,0.6506,1.416,1.0,1.473,1.445,1.832,train,,
case171,1.0,2,44,22.31,0.0,5.31,1.671,0.5927,1.0,1.0,1.0,2.540836,2.169729,1.445,1.0,train,,
case188,1.0,1,55,27.43,1.0,5.31,1.671,0.5927,0.6698,0.6506,1.416,1.0,1.473,1.445,1.0,train,,
case189,1.0,2,77,40.0,0.0,5.31,1.0,1.0,1.0,0.6506,1.0,1.594,2.169729,1.445,1.0,train,,
case190,1.0,1,73,19.7,1.0,5.31,1.0,1.0,0.6698,1.0,2.005056,1.0,1.0,2.088025,1.0,train,,
case191,1.0,1,80,23.66,0.0,5.31,1.0,0.5927,0.6698,0.6506,1.416,1.594,1.473,2.088025,1.0,train,,
case192,1.0,1,77,20.62,1.0,5.31,1.671,1.0,0.44863204,0.6506,1.416,1.0,1.473,1.445,1.832,train,,
case193,1.0,1,89,16.14,0.0,5.31,2.792241,0.5927,1.0,0.6506,1.416,1.0,1.473,1.0,1.0,train,,
case194,1.0,1,61,20.05,1.0,5.31,1.0,0.5927,0.6698,1.0,1.0,1.594,2.169729,1.445,1.0,train,,
case195,1.0,1,75,26.89,1.0,5.31,1.0,1.0,0.44863204,0.6506,1.416,1.594,1.473,,1.0,train,,
case196,1.0,1,87,31.66,1.0,5.31,1.671,0.5927,1.0,1.0,2.005056,1.594,1.0,1.0,1.0,train,,
case197,1.0,1,81,30.22,1.0,5.31,1.0,1.0,1.0,1.0,1.0,1.594,1.473,1.0,1.0,train,,
case198,1.0,1,64,20.3,1.0,5.31,2.792241,1.0,1.0,1.0,1.0,1.0,1.0,1.0,3.356224,train,,
case199,1.0,1,75,19.72,1.0,5.31,2.792241,1.0,1.0,1.0,1.416,1.0,1.0,2.088025,1.0,train,,
case200,1.0,1,77,23.51,1.0,5.31,1.0,0.5927,0.6698,1.0,1.416,1.0,1.0,2.088025,1.0,train,,
case201,1.0,1,60,22.5,1.0,5.31,1.671,1.0,1.0,0.6506,1.416,1.594,1.473,1.445,3.356224,train,,
case203,1.0,1,89,21.38,1.0,5.31,1.0,1.0,1.0,1.0,1.416,1.594,1.0,1.0,1.0,train,,
case204,1.0,2,65,22.94,0.0,5.31,2.792241,0.5927,1.0,1.0,1.416,1.0,1.473,,3.356224,train,,
case206,1.0,1,55,27.68,1.0,5.31,1.0,1.0,0.6698,,1.416,1.594,1.473,1.445,3.356224,train,,
case207,1.0,1,81,23.43,1.0,5.31,1.0,1.0,0.6698,0.6506,1.0,1.0,1.473,1.445,1.0,train,,
case214,1.0,2,70,30.1,0.0,5.31,1.671,1.0,1.0,1.0,1.416,1.0,1.473,1.445,1.0,train,,
case215,1.0,1,62,25.65,1.0,5.31,1.671,0.5927,0.6698,,1.416,1.0,1.0,1.0,1.0,train,,
case216,1.0,1,71,20.05,1.0,5.31,1.0,1.0,0.6698,1.0,1.416,1.0,1.0,1.0,3.356224,train,,
case239,1.0,1,58,29.07,0.0,5.31,1.0,1.0,1.0,1.0,1.0,1.594,1.473,1.0,1.0,train,,
case240,1.0,1,71,27.68,1.0,5.31,1.671,1.0,1.0,1.0,1.416,1.594,1.473,1.0,1.0,train,,
case241,1.0,1,78,15.57,1.0,5.31,1.671,1.0,1.0,1.0,2.005056,1.0,1.0,1.0,1.0,train,,
case242,1.0,2,48,30.11,0.0,5.31,1.0,1.0,0.44863204,1.0,1.0,1.594,1.0,2.088025,1.0,train,,
copdcase40,1.0,1,72,22.9,1.0,5.31,1.0,1.0,0.6698,0.42328036,2.005056,1.0,1.473,2.088025,1.0,train,,
copdcase41,1.0,1,58,18.6,1.0,5.31,1.671,1.0,0.6698,1.0,1.0,1.0,1.0,1.445,1.0,train,,
copdcase42,1.0,1,58,22.0,1.0,5.31,1.671,1.0,1.0,1.0,1.416,,1.473,1.0,1.0,train,,
copdcase43,1.0,1,74,24.4,1.0,5.31,1.0,0.5927,0.44863204,0.6506,2.005056,1.0,1.473,1.0,1.0,train,,
copdcase46,1.0,1,59,24.2,1.0,5.31,,0.35129329,0.6698,1.0,1.0,1.0,1.473,2.088025,1.0,train,,
copdcase51,1.0,1,62,27.6,1.0,5.31,1.671,1.0,1.0,1.0,1.416,1.0,1.473,2.088025,1.832,train,,
copdcase52,1.0,1,77,24.9,1.0,5.31,1.0,1.0,0.6698,0.6506,1.0,1.594,1.473,1.0,1.0,train,,
copdcase53,1.0,1,73,23.39,1.0,5.31,1.0,1.0,0.6698,0.6506,1.416,1.0,1.0,1.445,1.0,train,,
copdcase54,1.0,1,58,27.0,1.0,5.31,1.0,1.0,1.0,1.0,1.0,1.594,1.0,2.088025,1.0,train,,
copdcase55,1.0,1,79,17.3,0.0,5.31,1.671,1.0,0.6698,1.0,1.416,1.0,1.473,1.0,1.0,train,,
case111,1.0,1,68,16.7,1.0,6.88,2.792241,0.5927,0.6698,0.6506,1.0,1.0,1.473,2.088025,1.0,train,,
case108,1.0,2,74,17.0,1.0,6.88,1.0,1.0,1.0,0.6506,1.416,1.0,1.0,2.088025,1.0,train,,
case112,1.0,1,57,17.0,0.0,6.88,1.671,1.0,0.44863204,0.6506,1.416,1.594,1.0,1.445,,train,,
case212,1.0,2,62,17.7,0.0,6.88,1.0,0.5927,0.6698,1.0,1.0,1.0,1.0,2.088025,1.0,train,,
copdcase71,1.0,1,59,18.36,1.0,6.88,2.792241,1.0,0.44863204,1.0,1.416,1.594,1.0,1.0,1.0,train,,
case113,1.0,1,70,18.8,1.0,6.88,2.792241,1.0,0.6698,0.6506,1.0,1.0,1.0,1.0,1.0,train,,
case93,1.0,1,72,19.2,1.0,6.88,1.0,0.5927,0.6698,0.6506,1.0,1.0,1.0,2.088025,1.0,train,,
case282,1.0,2,76,19.3,0.0,6.88,1.0,1.0,0.6698,1.0,1.0,2.540836,1.0,1.445,1.0,train,,
case172,1.0,1,51,19.4,1.0,6.88,1.0,1.0,1.0,0.6506,2.005056,1.0,1.0,1.0,1.0,train,,
case237,1.0,2,80,19.5,0.0,6.88,1.0,1.0,1.0,1.0,2.005056,1.594,1.473,1.445,1.832,train,,
copdcase74,1.0,2,81,20.0,0.0,6.88,1.671,0.5927,0.6698,0.6506,1.0,1.594,1.0,1.0,1.0,train,,
case109,1.0,1,63,21.11,1.0,6.88,1.671,1.0,1.0,1.0,1.0,1.0,1.473,1.445,1.0,train,,
case235,1.0,1,71,21.6,1.0,6.88,1.0,0.5927,1.0,0.6506,1.416,1.594,1.473,1.0,1.0,train,,
case173,1.0,1,63,22.9,1.0,6.88,2.792241,1.0,1.0,0.6506,1.0,1.594,2.169729,1.0,1.832,train,,
case276,1.0,1,49,23.2,1.0,6.88,1.671,1.0,1.0,1.0,1.416,,1.0,1.0,1.832,train,,
case110,1.0,1,55,23.3,1.0,6.88,1.671,1.0,1.0,1.0,2.005056,1.0,1.0,1.445,1.0,train,,
case141,1.0,1,60,23.5,1.0,6.88,1.0,1.0,0.6698,1.0,1.416,1.0,1.473,1.0,1.0,train,,
case283,1.0,1,68,24.5,1.0,6.88,1.0,0.5927,1.0,0.6506,1.416,1.0,1.473,1.445,1.0,train,,
case284,1.0,1,84,24.8,0.0,6.88,1.0,1.0,0.6698,0.6506,1.416,1.0,1.0,1.445,1.832,train,,
case234,1.0,2,76,25.0,0.0,6.88,1.671,1.0,0.6698,0.6506,1.416,1.0,1.0,1.0,1.0,train,,
case233,1.0,1,75,25.7,0.0,6.88,2.792241,1.0,0.6698,1.0,1.416,1.0,1.0,,1.0,train,,
case92,1.0,1,86,28.2,0.0,6.88,2.792241,1.0,1.0,1.0,2.005056,1.0,1.473,1.445,1.0,train,,
case236,1.0,2,71,28.4,0.0,6.88,1.671,1.0,1.0,1.0,1.416,1.0,1.0,1.0,1.0,train,,
copdcontrol40,0.0,1,55,18.2,1.0,6.88,1.0,1.0,0.44863204,1.0,1.416,,1.0,1.0,1.0,train,,
copdcontrol29,0.0,1,40,19.9,0.0,6.88,1.0,0.5927,1.0,1.0,2.005056,1.0,1.0,1.0,1.0,train,,
copdcontrol44,0.0,1,60,21.1,0.0,6.88,1.0,1.0,0.6698,0.6506,1.0,1.0,1.0,1.0,1.0,train,,
copdcontrol47,0.0,1,56,22.8,1.0,6.88,1.0,0.5927,0.44863204,1.0,1.416,,1.0,2.088025,1.0,train,,
copdcontrol51,0.0,1,50,23.3,1.0,6.88,1.0,1.0,1.0,1.0,1.416,1.594,1.0,1.0,1.0,train,,
copdcase76,0.0,2,55,23.31,0.0,6.88,1.0,1.0,1.0,1.0,1.416,1.594,1.0,1.445,1.0,train,,
copdcontrol31,0.0,1,47,23.5,1.0,6.88,1.0,1.0,0.44863204,1.0,1.416,1.0,1.0,2.088025,1.0,train,,
copdcontrol38,0.0,1,44,24.5,1.0,6.88,1.671,1.0,0.6698,1.0,1.0,1.0,1.473,1.0,1.0,train,,
copdcontrol43,0.0,1,44,24.5,1.0,6.88,1.671,0.5927,0.6698,0.6506,1.416,1.0,1.0,1.0,1.0,train,,
copdcontrol54,0.0,1,55,24.5,1.0,6.88,1.671,1.0,0.6698,,1.0,1.594,1.0,1.0,1.0,train,,
copdcontrol42,0.0,1,40,24.7,1.0,6.88,1.0,1.0,0.6698,1.0,1.416,1.594,1.473,1.445,1.0,train,,
copdcontrol46,0.0,1,58,24.8,0.0,6.88,1.0,1.0,1.0,1.0,1.416,1.0,1.0,1.445,1.0,train,,
copdcontrol50,0.0,2,49,24.8,1.0,6.88,1.0,1.0,1.0,0.6506,1.0,1.0,1.0,1.445,1.0,train,,
copdcontrol21,0.0,2,47,25.2,0.0,6.88,1.671,0.5927,1.0,0.6506,1.0,1.0,1.473,1.445,1.0,train,,
copdcontrol23,0.0,1,53,25.4,1.0,6.88,1.0,0.5927,1.0,0.42328036,1.0,1.0,1.473,1.445,1.0,train,,
copdcontrol24,0.0,1,53,25.7,0.0,6.88,1.0,1.0,0.6698,1.0,1.416,1.594,1.0,1.445,1.0,train,,
copdcontrol37,0.0,1,41,25.8,1.0,6.88,1.0,1.0,0.6698,1.0,1.416,1.0,1.0,1.445,1.0,train,,
copdcontrol28,0.0,1,43,26.4,1.0,6.88,1.671,1.0,0.6698,1.0,1.416,1.0,1.473,1.0,1.832,train,,
copdcontrol41,0.0,1,41,26.4,1.0,6.88,1.671,0.5927,0.6698,0.6506,1.0,1.0,1.473,1.445,1.0,train,,
copdcontrol27,0.0,1,54,26.7,0.0,6.88,1.671,0.5927,0.6698,0.6506,1.416,1.0,1.473,1.0,1.0,train,,
copdcontrol32,0.0,1,53,26.8,1.0,6.88,2.792241,1.0,1.0,1.0,2.005056,1.0,1.0,1.0,1.0,train,,
copdcontrol45,0.0,1,40,26.8,0.0,6.88,2.792241,1.0,1.0,1.0,2.005056,1.594,1.0,1.0,1.0,train,,
copdcontrol48,0.0,1,47,26.9,0.0,6.88,1.0,1.0,0.6698,0.6506,2.005056,1.0,1.473,1.0,1.832,train,,
copdcontrol26,0.0,1,47,27.0,0.0,6.88,1.0,1.0,0.6698,1.0,1.416,1.0,1.473,1.445,1.832,train,,
copdcontrol34,0.0,1,55,27.0,0.0,6.88,1.0,0.5927,0.6698,1.0,2.005056,1.0,1.0,1.445,1.0,train,,
copdcontrol30,0.0,1,45,27.3,1.0,6.88,1.0,1.0,1.0,0.42328036,1.0,1.0,1.0,1.445,1.0,train,,
copdcontrol49,0.0,1,53,27.6,0.0,6.88,1.671,0.5927,0.6698,0.6506,1.416,1.0,1.473,2.088025,1.0,train,,
copdcontrol25,0.0,1,49,27.7,1.0,6.88,1.671,0.5927,0.6698,0.6506,1.416,1.594,1.0,1.445,1.0,train,,
copdcontrol35,0.0,2,49,28.0,0.0,6.88,1.671,0.5927,0.6698,0.6506,1.0,1.0,2.169729,1.445,1.0,train,,
copdcontrol53,0.0,1,57,28.5,0.0,6.88,1.0,1.0,0.44863204,0.6506,2.005056,,1.0,1.0,1.0,train,,
copdcontrol22,0.0,2,47,29.5,0.0,6.88,1.671,1.0,1.0,0.6506,1.416,1.594,1.0,1.445,1.0,train,,
BT1805250281HMSBE,0.0,1,51,21.97,1.0,7.76,1.0,1.0,0.6698,1.0,1.0,1.0,1.0,1.445,1.0,train,,
BT1805250443HMSBE,0.0,1,52,23.45,1.0,7.76,1.0,1.0,0.6698,0.6506,,,1.473,1.0,1.0,train,,
BT1805250446HMSBE,0.0,1,40,21.97,0.0,7.76,1.0,1.0,0.44863204,1.0,1.416,1.594,1.473,,1.0,train,,
BT1806090013HMSBE,0.0,1,52,21.95,1.0,7.76,1.0,1.0,0.6698,1.0,1.0,,1.0,1.445,1.0,train,,
BT1808250266HMSBE,0.0,1,51,21.36,1.0,7.76,1.0,1.0,0.44863204,0.42328036,1.0,1.594,1.0,1.0,1.0,train,,
BT1808250269HMSBE,0.0,2,67,22.86,0.0,7.76,1.0,1.0,0.6698,0.42328036,1.416,1.0,1.473,1.0,1.0,train,,
BT1808250282HMSBE,0.0,1,43,20.06,1.0,7.76,1.0,1.0,1.0,0.6506,1.0,1.594,1.473,1.0,1.0,train,,
BT1808250287HMSBE,0.0,1,49,23.14,0.0,7.76,1.671,1.0,1.0,1.0,1.0,1.0,1.473,,1.0,train,,
BT1808250289HMSBE,0.0,2,45,22.27,0.0,7.76,1.0,0.5927,0.6698,0.6506,1.0,1.0,1.473,1.445,1.0,train,,
BT1808250305HMSBE,0.0,2,48,20.7,0.0,7.76,1.0,1.0,0.44863204,0.6506,1.416,1.0,1.473,1.445,1.0,train,,
BT1808250306HMSBE,0.0,1,48,21.72,0.0,7.76,1.671,1.0,0.6698,1.0,1.416,1.0,1.0,1.445,1.0,train,,
BT1808250308HMSBE,0.0,2,48,20.7,0.0,7.76,1.671,0.5927,0.44863204,1.0,1.0,1.0,1.0,1.0,1.832,train,,
case100,1.0,1,63,22.49,1.0,7.76,1.671,1.0,0.6698,1.0,1.416,1.594,1.0,2.088025,1.0,train,,
case101,1.0,1,67,15.04,1.0,7.76,1.0,1.0,0.6698,0.6506,1.0,1.0,1.0,1.0,1.832,train,,
case102,1.0,2,78,22.04,0.0,7.76,1.671,1.0,0.44863204,1.0,1.0,1.0,2.169729,1.0,3.356224,train,,
case104,1.0,1,64,22.038,0.0,7.76,1.0,1.0,1.0,0.6506,1.416,1.594,1.0,1.445,1.0,train,,
case105,1.0,1,84,27.41,1.0,7.76,1.671,0.5927,0.6698,0.6506,1.416,1.594,1.0,1.0,1.0,train,,
case106,1.0,1,63,26.42,1.0,7.76,1.0,1.0,0.6698,0.6506,1.416,1.594,1.473,1.445,1.832,train,,
case107,1.0,1,57,23.43,1.0,7.76,1.0,1.0,0.6698,1.0,1.416,1.0,1.0,2.088025,1.0,train,,
case243,1.0,2,76,24.65,0.0,7.76,1.0,1.0,0.6698,0.6506,1.416,1.594,1.473,1.0,1.0,train,,
case287,1.0,1,66,22.34,1.0,7.76,1.0,1.0,0.6698,0.6506,1.416,1.0,1.473,1.445,,train,,
case302,1.0,1,74,25.95,1.0,7.76,1.671,1.0,1.0,1.0,,1.0,1.473,1.0,1.832,train,,
case303,1.0,1,59,20.2,1.0,7.76,1.0,1.0,1.0,1.0,1.416,1.0,1.473,1.0,1.0,train,,
case98,1.0,1,52,19.59,0.0,7.76,1.0,1.0,1.0,1.0,1.416,1.0,1.0,1.0,1.0,train,,
case99,1.0,2,67,23.01,0.0,7.76,1.0,1.0,0.6698,1.0,1.0,1.0,1.0,1.445,1.0,train,,
copdcase1,1.0,1,81,20.5,1.0,7.76,1.0,0.5927,0.44863204,1.0,1.416,1.0,1.473,1.445,1.832,train,,
copdcase10,1.0,1,62,30.7,1.0,7.76,1.671,1.0,0.6698,1.0,1.416,1.594,1.0,1.0,1.0,train,,
copdcase11,1.0,1,52,23.7,1.0,7.76,1.671,1.0,0.6698,1.0,2.005056,1.0,1.0,1.445,1.0,train,,
copdcase12,1.0,2,66,34.0,0.0,7.76,1.671,1.0,0.6698,1.0,2.005056,1.0,1.473,1.0,1.0,train,,
copdcase13,1.0,2,80,20.4,1.0,7.76,1.0,1.0,1.0,0.6506,1.416,1.594,1.473,1.445,1.0,train,,
copdcase14,1.0,1,55,15.4,1.0,7.76,1.0,1.0,1.0,1.0,1.0,1.0,2.169729,1.0,1.0,train,,
copdcase15,1.0,1,71,19.8,1.0,7.76,2.792241,1.0,1.0,1.0,2.005056,1.0,1.473,1.445,1.0,train,,
copdcase16,1.0,2,51,19.4,0.0,7.76,1.0,0.5927,0.6698,1.0,1.416,1.0,1.0,1.445,1.0,train,,
copdcase17,1.0,1,67,17.0,1.0,7.76,1.0,1.0,1.0,1.0,2.005056,2.540836,1.473,1.445,1.0,train,,
copdcase18,1.0,1,63,25.9,1.0,7.76,1.671,1.0,1.0,1.0,1.416,1.594,1.473,1.445,1.0,train,,
copdcase19,1.0,1,70,21.2,1.0,7.76,1.0,1.0,1.0,0.6506,1.416,1.0,1.473,1.445,1.0,train,,
copdcase2,1.0,1,77,21.9,1.0,7.76,1.671,1.0,1.0,1.0,1.416,1.0,1.0,1.0,1.0,train,,
copdcase20,1.0,2,74,23.7,1.0,7.76,1.671,1.0,0.6698,1.0,1.416,1.0,1.0,1.445,1.0,train,,
copdcase21,1.0,1,79,21.1,1.0,7.76,1.0,1.0,0.44863204,1.0,1.0,1.594,1.473,1.0,1.0,train,,
copdcase22,1.0,1,65,28.7,1.0,7.76,1.671,0.5927,1.0,0.6506,1.0,1.594,1.473,1.445,1.832,train,,
copdcase23,1.0,1,72,19.1,0.0,7.76,1.671,1.0,0.6698,1.0,2.005056,2.540836,1.473,1.0,1.0,train,,
copdcase25,1.0,1,78,19.5,0.0,7.76,1.671,0.5927,1.0,0.6506,1.0,1.0,1.0,1.0,1.0,train,,
copdcase26,1.0,1,55,26.8,1.0,7.76,1.671,1.0,0.6698,0.6506,1.416,1.594,1.0,1.0,1.0,train,,
copdcase27,1.0,1,80,20.8,1.0,7.76,1.671,1.0,1.0,0.6506,1.416,1.0,1.0,1.0,1.0,train,,
copdcase28,1.0,1,63,20.6,1.0,7.76,1.0,1.0,0.6698,0.6506,1.416,1.594,1.473,1.445,1.0,train,,
copdcase29,1.0,1,75,19.7,1.0,7.76,1.0,1.0,1.0,1.0,2.005056,1.0,1.0,1.445,1.0,train,,
copdcase3,1.0,2,80,24.7,1.0,7.76,1.671,1.0,0.6698,1.0,1.416,1.0,1.473,1.445,1.0,train,,
copdcase30,1.0,1,59,27.4,1.0,7.76,1.671,1.0,1.0,1.0,1.416,1.0,1.473,1.445,1.0,train,,
copdcase31,1.0,1,58,23.4,1.0,7.76,1.0,1.0,0.6698,0.6506,2.005056,1.594,1.0,1.0,1.0,train,,
copdcase32,1.0,2,52,20.7,0.0,7.76,1.0,1.0,1.0,0.6506,1.416,1.0,1.0,1.0,1.0,train,,
copdcase33,1.0,1,70,23.7,1.0,7.76,1.0,1.0,1.0,1.0,1.0,1.0,2.169729,1.0,1.0,train,,
copdcase34,1.0,1,64,18.6,1.0,7.76,1.0,0.5927,0.6698,1.0,2.005056,,1.473,1.0,3.356224,train,,
copdcase39,1.0,1,76,24.62,1.0,7.76,1.671,1.0,1.0,0.42328036,1.0,,1.473,1.445,1.0,train,,
copdcase4,1.0,2,80,25.5,1.0,7.76,1.0,1.0,0.6698,1.0,1.0,1.0,1.0,1.0,1.0,train,,
copdcase5,1.0,1,72,21.5,1.0,7.76,1.0,1.0,0.6698,1.0,2.005056,1.0,1.0,1.0,1.0,train,,
copdcase6,1.0,2,57,23.4,0.0,7.76,1.671,1.0,1.0,1.0,2.005056,1.0,1.473,1.445,1.0,train,,
copdcase66,1.0,1,62,23.875,1.0,7.76,1.0,0.5927,1.0,1.0,1.416,1.594,1.473,2.088025,3.356224,train,,
copdcase8,1.0,2,58,25.9,0.0,7.76,1.671,1.0,0.6698,1.0,1.416,1.594,1.0,,1.0,train,,
copdcase83,1.0,1,57,24.48,1.0,7.76,1.671,1.0,1.0,1.0,1.0,1.0,1.0,2.088025,1.0,train,,
copdcase87,1.0,1,52,24.22,1.0,7.76,1.671,1.0,1.0,1.0,2.005056,1.0,1.0,1.445,1.0,train,,
copdcase9,1.0,1,66,20.5,1.0,7.76,2.792241,1.0,0.6698,1.0,1.0,1.0,1.473,1.0,3.356224,train,,
copdcontrol10,0.0,2,56,24.88,0.0,7.76,1.0,0.5927,0.6698,1.0,1.0,1.0,1.0,1.445,1.0,train,,
copdcontrol52,0.0,1,51,21.97,1.0,7.76,1.0,1.0,1.0,0.6506,1.416,1.594,1.0,1.0,1.0,train,,
case247,1.0,1,65,22.7,1.0,7.76,1.0,1.0,0.6698,1.0,1.416,1.0,1.473,1.0,1.832,train,,
copdcontrol8,0.0,2,45,21.48,0.0,7.76,1.0,1.0,1.0,1.0,1.416,1.594,1.0,1.0,1.0,train,,
copdcontrol9,0.0,2,64,23.53,1.0,7.76,1.0,1.0,0.6698,1.0,1.416,1.0,1.0,1.445,1.0,train,,
case174,1.0,1,70,22.98,1.0,7.78,1.0,1.0,1.0,1.0,1.0,1.0,1.0,2.088025,3.356224,train,,
case175,1.0,1,71,22.99,1.0,7.78,1.0,1.0,1.0,1.0,1.416,1.0,1.473,,,train,,
case176,1.0,1,65,18.59,1.0,7.78,1.0,1.0,1.0,1.0,1.0,1.594,1.0,1.0,1.0,train,,
case264,1.0,1,68,23.85,1.0,7.78,1.671,0.5927,0.6698,1.0,2.005056,1.0,1.473,1.445,1.0,train,,
case265,1.0,1,75,23.88,1.0,7.78,1.671,1.0,1.0,1.0,2.005056,1.0,1.0,1.445,1.832,train,,
case266,1.0,1,71,23.66,1.0,7.78,1.0,0.5927,1.0,0.42328036,1.416,1.0,1.473,1.0,1.0,train,,
case267,1.0,1,75,23.14,1.0,7.78,1.0,1.0,0.6698,0.6506,1.416,1.0,1.473,1.445,1.0,train,,
case268,1.0,1,63,19.37,1.0,7.78,1.0,1.0,0.44863204,1.0,2.005056,1.0,1.0,1.445,1.0,train,,
case269,1.0,1,68,23.88,1.0,7.78,1.671,1.0,1.0,1.0,1.416,1.594,1.0,1.445,1.0,train,,
case270,1.0,1,74,24.16,1.0,7.78,1.0,1.0,1.0,0.6506,1.0,1.0,1.473,,1.0,train,,
case271,1.0,1,59,20.73,1.0,7.78,1.0,1.0,1.0,1.0,1.416,1.594,1.473,1.0,3.356224,train,,
copdcase56,1.0,1,53,18.2,1.0,7.78,1.0,1.0,0.6698,1.0,1.0,1.0,1.473,2.088025,1.0,train,,
copdcase57,1.0,1,65,19.1,1.0,7.78,2.792241,1.0,1.0,1.0,1.416,1.0,1.0,1.0,1.0,train,,
copdcase59,1.0,1,63,23.8,1.0,7.78,1.0,1.0,1.0,1.0,1.416,1.0,1.473,1.445,1.0,train,,
copdcase60,1.0,1,63,20.2,1.0,7.78,1.0,1.0,1.0,0.6506,1.416,1.0,1.0,1.445,1.0,train,,
BT1810090389HMSWX,0.0,2,46,25.28,0.0,8.6,1.0,0.35129329,1.0,1.0,1.416,1.0,1.473,1.0,1.0,train,,
BT1810090391HMSWX,0.0,1,69,18.8,1.0,8.6,1.0,0.5927,0.6698,0.42328036,1.0,1.0,1.473,1.0,1.0,train,,
BT1810090392HMSWX,0.0,2,61,22.03,0.0,8.6,1.0,1.0,0.6698,0.6506,1.416,1.0,1.0,1.445,1.832,train,,
BT1810090395HMSWX,0.0,2,63,28.65,0.0,8.6,1.0,0.5927,1.0,1.0,2.005056,1.594,1.0,1.445,1.0,train,,
BT1810090400HMSWX,0.0,1,66,19.48,0.0,8.6,1.0,0.35129329,1.0,0.6506,1.416,1.594,1.473,1.0,1.0,train,,
BT1810090404HMSWX,0.0,2,37,24.46,0.0,8.6,,0.35129329,0.44863204,1.0,1.416,1.0,1.0,1.445,1.0,train,,
BT1810090405HMSWX,0.0,2,29,22.03,0.0,8.6,,0.5927,0.6698,0.6506,1.0,1.0,1.0,1.0,1.0,train,,
BT1810090406HMSWX,0.0,2,27,22.03,0.0,8.6,2.792241,0.5927,1.0,0.6506,1.0,1.0,1.0,1.0,1.0,train,,
BT1808280018LMSWX,1.0,1,72,16.32,1.0,8.6,1.0,0.5927,1.0,1.0,1.0,2.540836,1.473,,1.0,train,,
case177,1.0,1,72,16.32,1.0,8.6,1.0,0.5927,1.0,1.0,1.0,2.540836,1.473,,1.0,train,,
BT1807030258HMSWX,1.0,1,72,17.04,1.0,8.6,1.0,1.0,0.6698,0.6506,1.0,1.594,1.264887277,,1.832,train,,
BT1807060372HMSWX,1.0,1,55,17.04,1.0,8.6,1.671,0.5927,1.0,0.6506,1.416,1.594,1.0,2.088025,1.0,train,,
case180,1.0,1,55,17.04,0.0,8.6,1.0,1.0,0.44863204,1.0,1.0,1.594,1.473,1.445,1.0,train,,
copdcase24,1.0,1,60,17.3,1.0,8.6,1.671,1.0,1.0,1.0,1.0,1.594,1.0,2.088025,1.0,train,,
BT1808280021LMSWX,1.0,1,68,17.64,1.0,8.6,1.0,0.35129329,1.0,0.6506,1.0,1.0,1.0,1.0,1.0,train,,
case260,1.0,1,76,17.72,1.0,8.6,1.0,0.5927,0.6698,1.0,1.416,1.0,1.0,1.445,1.0,train,,
case229,1.0,1,65,17.93,1.0,8.6,1.0,1.0,0.44863204,1.0,1.416,1.0,1.0,1.0,1.0,train,,
case227,1.0,1,57,18.61,1.0,8.6,1.0,1.0,0.6698,0.6506,1.416,1.0,1.0,1.0,1.0,train,,
BT1807030264HMSWX,1.0,1,51,18.92,1.0,8.6,2.792241,0.35129329,1.0,1.0,2.005056,1.0,1.0,1.445,3.356224,train,,
BT1807060367HMSWX,1.0,1,68,19.15,1.0,8.6,1.0,1.0,0.6698,1.0,2.005056,2.540836,1.473,1.0,1.0,train,,
BT1808040224HMSBS,1.0,1,81,19.38,1.0,8.6,1.671,1.0,0.6698,1.0,1.0,1.0,1.473,1.0,1.0,train,,
BT1807060365HMSWX,1.0,1,78,19.48,1.0,8.6,1.671,1.0,0.6698,1.0,2.005056,1.0,1.473,1.0,1.0,train,,
copdcase37,1.0,1,60,19.5,1.0,8.6,1.671,0.5927,0.6698,1.0,1.416,,1.0,1.445,1.0,train,,
case179,1.0,1,57,19.57,1.0,8.6,1.0,1.0,0.44863204,1.0,2.005056,1.594,1.473,1.0,1.0,train,,
BT1808040225HMSBS,1.0,1,83,19.59,1.0,8.6,1.0,0.5927,1.0,1.0,2.005056,1.594,1.0,1.445,1.0,train,,
BT1808040236HMSWX,1.0,1,74,19.84,1.0,8.6,1.671,1.0,1.0,1.0,1.0,1.0,1.473,1.445,1.0,train,,
case259,1.0,1,76,20.0,1.0,8.6,1.671,1.0,0.44863204,0.6506,1.416,1.594,2.169729,,1.0,train,,
BT1808040232HMSWX,1.0,1,71,20.04,1.0,8.6,1.671,1.0,1.0,1.0,1.0,,1.473,2.088025,1.0,train,,
BT1808280012LMSWX,1.0,1,68,20.2,1.0,8.6,1.0,0.5927,1.0,1.0,2.005056,1.594,1.473,1.445,1.0,train,,
BT1808300459LMSBS,1.0,1,59,20.76,1.0,8.6,1.0,1.0,1.0,0.6506,2.005056,,1.0,1.445,1.0,train,,
case226,1.0,1,65,20.76,1.0,8.6,1.671,0.5927,1.0,1.0,1.416,1.0,1.473,1.445,1.0,train,,
copdcase69,1.0,1,75,20.93,1.0,8.6,1.0,1.0,1.0,0.6506,1.0,1.0,1.473,1.0,1.0,train,,
BT1807030254HMSWX,1.0,1,63,21.29,1.0,8.6,1.0,1.0,0.6698,0.6506,1.0,1.594,1.0,1.445,1.0,train,,
case225,1.0,1,83,21.48,0.0,8.6,2.792241,1.0,0.6698,1.0,1.0,1.594,1.0,1.0,1.0,train,,
copdcase70,1.0,1,70,21.5,1.0,8.6,1.671,0.5927,0.6698,1.0,1.416,1.594,1.0,1.0,,train,,
BT1807060377HMSWX,1.0,1,74,22.03,0.0,8.6,1.671,1.0,0.44863204,1.0,1.0,1.594,1.473,2.088025,1.0,train,,
case231,1.0,1,83,22.04,0.0,8.6,1.671,0.5927,1.0,0.6506,1.416,1.0,1.0,1.445,1.0,train,,
BT1808280033LMSWX,1.0,1,63,22.49,1.0,8.6,1.0,0.5927,0.6698,1.0,1.416,1.594,1.0,1.0,1.0,train,,
case255,1.0,2,81,22.6,0.0,8.6,1.0,1.0,0.44863204,0.6506,1.416,1.0,1.0,1.0,1.0,train,,
case232,1.0,1,72,22.85,1.0,8.6,1.671,1.0,0.6698,0.6506,2.005056,1.0,1.0,1.0,1.0,train,,
case262,1.0,1,68,22.86,1.0,8.6,1.671,1.0,0.6698,0.6506,1.416,1.0,1.0,2.088025,1.0,train,,
case263,1.0,2,73,22.89,0.0,8.6,1.671,1.0,1.0,1.0,1.416,1.0,1.473,,1.0,train,,
case185,1.0,1,59,23.66,1.0,8.6,2.792241,0.5927,1.0,1.0,1.416,1.0,1.473,1.0,1.0,train,,
BT1808280016LMSWX,1.0,2,70,24.0,0.0,8.6,,1.0,1.0,1.0,2.005056,1.0,1.473,1.0,1.0,train,,
copdcase88,1.0,1,85,24.2,1.0,8.6,1.671,0.5927,0.6698,1.0,1.416,1.0,1.473,1.0,1.0,train,,
BT1808040231HMSBS,1.0,1,46,24.22,1.0,8.6,1.0,1.0,1.0,1.0,1.416,1.594,1.473,1.0,1.0,train,,
case183,1.0,1,76,24.22,1.0,8.6,1.671,1.0,0.6698,,1.416,1.0,1.0,1.445,,train,,
case184,1.0,1,53,24.22,1.0,8.6,1.0,0.5927,1.0,1.0,1.416,1.594,1.473,2.088025,1.0,train,,
case230,1.0,1,75,24.49,1.0,8.6,1.0,0.5927,0.6698,0.6506,1.0,1.0,1.473,1.0,1.832,train,,
case257,1.0,1,74,25.39,1.0,8.6,1.0,1.0,1.0,0.6506,1.416,1.0,1.473,1.445,1.0,train,,
copdcase67,1.0,1,67,25.4,1.0,8.6,2.792241,1.0,0.6698,1.0,1.0,1.594,2.169729,1.0,1.832,train,,
BT1807030260HMSWX,1.0,1,77,25.47,1.0,8.6,1.0,1.0,0.6698,0.6506,1.0,1.594,1.0,1.445,1.0,train,,
case256,1.0,1,67,25.71,1.0,8.6,1.671,1.0,1.0,1.0,1.416,1.0,1.0,1.0,1.0,train,,
BT1808040229HMSBS,1.0,1,78,25.95,1.0,8.6,1.671,1.0,1.0,0.6506,1.0,1.594,1.0,2.088025,1.0,train,,
case254,1.0,1,61,26.12,1.0,8.6,1.671,1.0,1.0,0.6506,1.416,1.0,1.0,1.445,1.0,train,,
case187,1.0,1,62,26.47,1.0,8.6,1.671,1.0,0.6698,1.0,1.0,2.540836,1.0,1.445,1.0,train,,
copdcase89,1.0,2,70,27.0,0.0,8.6,1.671,1.0,1.0,0.42328036,1.416,1.0,1.0,1.445,1.0,train,,
case228,1.0,2,68,27.64,0.0,8.6,1.671,0.5927,1.0,0.6506,1.416,2.540836,1.473,2.088025,1.0,train,,
case181,1.0,2,82,27.68,0.0,8.6,1.0,0.5927,1.0,1.0,1.416,1.0,1.473,1.0,3.356224,train,,
copdcase68,1.0,1,86,28.6,1.0,8.6,1.671,1.0,1.0,0.6506,1.0,1.594,1.473,2.088025,1.0,train,,
case261,1.0,1,71,30.78,1.0,8.6,1.0,1.0,0.6698,1.0,1.0,1.0,1.473,2.088025,1.0,train,,
case208,1.0,1,83,15.6,1.0,8.72,1.0,1.0,1.0,1.0,1.0,1.0,1.0,1.0,1.0,train,,
case252,1.0,1,74,16.9,1.0,8.72,1.671,0.5927,1.0,0.6506,1.416,1.0,1.0,1.0,1.0,train,,
case253,1.0,1,78,17.3,0.0,8.72,2.792241,1.0,0.6698,0.6506,1.416,,1.473,1.445,1.0,train,,
case274,1.0,2,78,17.8,1.0,8.72,1.671,1.0,1.0,1.0,2.005056,1.0,2.169729,,1.832,train,,
case272,1.0,2,62,18.3,1.0,8.72,1.671,0.5927,0.6698,0.42328036,1.0,2.540836,1.0,1.0,1.0,train,,
case286,1.0,2,55,18.3,0.0,8.72,1.0,1.0,0.6698,0.6506,1.0,1.0,1.0,1.0,1.0,train,,
BT1803250446HMSWX,1.0,2,72,18.6,1.0,8.72,1.671,1.0,0.6698,0.6506,1.0,1.0,1.0,1.0,1.0,train,,
case95,1.0,1,72,18.7,1.0,8.72,1.0,1.0,1.0,1.0,1.416,1.0,2.169729,2.088025,1.0,train,,
copdcase35,1.0,1,71,19.4,0.0,8.72,1.671,1.0,0.6698,0.6506,2.005056,,1.473,1.0,1.0,train,,
case248,1.0,1,59,19.6,1.0,8.72,1.671,0.5927,0.44863204,0.6506,1.416,1.0,1.0,2.088025,1.0,train,,
case249,1.0,1,60,19.6,1.0,8.72,1.0,1.0,0.6698,1.0,1.0,,1.473,,1.0,train,,
copdcase50,1.0,2,62,20.39,0.0,8.72,1.0,0.5927,1.0,1.0,1.0,1.0,1.473,1.0,1.0,train,,
case223,1.0,1,44,20.4,1.0,8.72,1.0,1.0,1.0,1.0,1.416,1.0,1.0,1.0,1.832,train,,
case250,1.0,1,70,20.8,1.0,8.72,1.0,1.0,1.0,0.6506,1.416,1.0,1.473,1.445,1.0,train,,
case221,1.0,1,73,21.0,1.0,8.72,1.671,1.0,1.0,1.0,1.416,1.0,1.473,2.088025,1.832,train,,
copdcase77,1.0,1,68,21.5,0.0,8.72,1.0,1.0,0.6698,1.0,2.005056,1.0,1.473,1.445,1.832,train,,
case126,1.0,1,54,21.56,1.0,8.72,1.0,1.0,1.0,0.6506,1.0,1.0,1.473,1.445,1.0,train,,
case304,1.0,1,77,22.0,1.0,8.72,1.671,0.5927,1.0,1.0,1.416,,1.0,1.445,1.0,train,,
case222,1.0,1,78,22.0,1.0,8.72,1.671,1.0,0.6698,0.6506,2.005056,1.594,1.0,1.445,1.0,train,,
case209,1.0,1,71,22.2,1.0,8.72,1.0,1.0,0.44863204,,1.416,1.594,2.169729,1.0,1.0,train,,
case294,1.0,1,76,22.3,1.0,8.72,1.0,1.0,0.6698,0.6506,1.0,1.0,2.169729,1.445,1.832,train,,
case91,1.0,1,79,22.6,1.0,8.72,1.0,1.0,0.6698,1.0,1.416,1.0,1.473,2.088025,1.0,train,,
case279,1.0,2,59,22.7,0.0,8.72,1.671,1.0,1.0,0.6506,1.0,1.0,1.0,1.0,3.356224,train,,
case307,1.0,1,67,22.8,1.0,8.72,1.0,1.0,0.6698,0.6506,1.416,1.0,1.473,1.445,1.0,train,,
case219,1.0,1,65,22.8,0.0,8.72,1.0,0.35129329,1.0,1.0,1.416,1.594,1.0,1.0,1.0,train,,
case218,1.0,1,62,22.9,1.0,8.72,2.792241,1.0,1.0,1.0,1.416,1.0,1.473,1.445,1.0,train,,
copdcase64,1.0,1,49,22.9,1.0,8.72,1.0,1.0,0.6698,1.0,2.005056,1.0,1.0,1.0,1.0,train,,
copdcase65,1.0,1,66,22.9,1.0,8.72,1.0,1.0,1.0,0.6506,1.416,1.0,1.0,1.0,1.832,train,,
case245,1.0,2,78,23.1,0.0,8.72,1.671,1.0,0.6698,1.0,2.005056,1.0,1.0,1.445,1.0,train,,
copdcase48,1.0,1,73,23.1,0.0,8.72,1.671,1.0,1.0,1.0,1.0,1.594,1.473,2.088025,1.0,train,,
case125,1.0,1,68,23.4,1.0,8.72,1.671,1.0,1.0,1.0,1.416,1.594,1.0,1.0,1.0,train,,
case244,1.0,1,54,23.5,0.0,8.72,1.0,,0.6698,1.0,1.416,,1.473,,1.0,train,,
case273,1.0,1,83,23.6,1.0,8.72,1.0,0.5927,0.6698,0.6506,1.416,1.594,1.473,1.445,1.0,train,,
copdcase61,1.0,1,59,23.7,1.0,8.72,1.671,1.0,1.0,0.6506,1.416,1.594,1.0,1.445,1.0,train,,
case280,1.0,1,52,23.8,0.0,8.72,1.671,1.0,1.0,1.0,1.416,1.0,1.0,1.0,1.0,train,,
case305,1.0,1,65,23.9,1.0,8.72,1.0,0.5927,0.44863204,0.6506,1.0,1.594,1.473,1.445,1.0,train,,
case114,1.0,1,60,23.9,1.0,8.72,1.0,1.0,0.6698,1.0,1.416,1.594,1.0,1.0,1.0,train,,
case97,1.0,1,86,24.4,1.0,8.72,1.0,0.5927,0.44863204,1.0,1.416,1.594,1.0,1.0,1.0,train,,
copdcase85,1.0,1,39,24.4,1.0,8.72,1.671,1.0,1.0,0.6506,1.0,1.0,1.0,1.445,1.0,train,,
copdcase78,1.0,1,48,24.8,1.0,8.72,1.671,0.5927,1.0,0.6506,1.416,1.594,1.473,2.088025,1.0,train,,
copdcase62,1.0,1,58,24.9,1.0,8.72,1.671,1.0,1.0,0.6506,1.416,,1.0,1.445,,train,,
case246,1.0,1,55,25.0,1.0,8.72,2.792241,1.0,0.6698,1.0,1.0,,1.473,1.0,1.0,train,,
copdcase79,1.0,1,56,25.1,1.0,8.72,2.792241,1.0,1.0,1.0,2.005056,1.0,1.473,1.0,1.0,train,,
case251,1.0,1,71,25.4,1.0,8.72,1.0,1.0,0.6698,1.0,1.416,1.0,2.169729,1.445,1.0,train,,
copdcase84,1.0,2,69,25.8,0.0,8.72,2.792241,0.5927,1.0,1.0,1.0,1.594,1.0,1.445,,train,,
copdcase58,1.0,1,62,25.91,1.0,8.72,1.0,0.5927,0.6698,1.0,2.005056,1.594,1.473,1.0,1.0,train,,
case220,1.0,2,64,26.0,0.0,8.72,1.671,1.0,1.0,1.0,1.416,1.0,2.169729,2.088025,1.0,train,,
case90,1.0,1,51,26.5,1.0,8.72,1.671,1.0,1.0,0.6506,1.416,1.0,1.473,,,train,,
copdcase86,1.0,1,79,26.6,1.0,8.72,1.0,1.0,0.44863204,1.0,1.0,1.0,1.0,1.0,1.0,train,,
case308,1.0,1,51,26.7,1.0,8.72,1.671,1.0,0.6698,1.0,1.416,1.0,1.473,1.445,1.0,train,,
case103,1.0,2,81,27.3,0.0,8.72,1.671,1.0,1.0,1.0,1.416,1.0,1.0,1.0,,train,,
case217,1.0,1,69,27.7,0.0,8.72,1.0,0.5927,1.0,1.0,2.005056,1.0,1.0,1.0,1.0,train,,
copdcase82,1.0,2,63,27.7,1.0,8.72,1.671,1.0,1.0,0.6506,2.005056,1.0,1.0,1.0,1.0,train,,
case211,1.0,1,69,27.8,0.0,8.72,1.671,1.0,1.0,1.0,1.0,1.0,1.0,1.445,1.0,train,,
copdcase80,1.0,1,81,27.9,1.0,8.72,1.0,1.0,0.44863204,0.6506,2.005056,1.0,1.473,2.088025,1.0,train,,
case285,1.0,2,66,28.0,0.0,8.72,1.0,1.0,0.6698,1.0,2.005056,1.594,1.0,1.0,1.0,train,,
copdcase49,1.0,2,62,29.0,1.0,8.72,1.0,1.0,1.0,1.0,1.0,1.0,1.473,1.445,1.0,train,,
case96,1.0,1,51,29.4,1.0,8.72,2.792241,1.0,0.6698,1.0,1.416,1.594,1.0,1.0,,train,,
copdcase81,1.0,2,68,29.6,0.0,8.72,1.671,1.0,0.6698,1.0,1.416,1.594,1.0,1.445,1.832,train,,
case224,1.0,1,79,30.9,1.0,8.72,1.0,1.0,0.44863204,1.0,2.005056,1.0,1.473,1.0,1.0,train,,
copdcase72,1.0,2,64,31.8,0.0,8.72,1.671,1.0,0.44863204,1.0,1.0,1.594,1.0,1.0,1.0,train,,
copdcase47,1.0,1,58,31.9,1.0,8.72,1.0,1.0,0.6698,1.0,1.416,1.0,1.0,1.445,1.832,train,,
copdcase73,1.0,2,62,35.7,0.0,8.72,1.0,1.0,0.6698,0.6506,2.005056,1.0,1.0,1.0,1.0,train,,
copdcontrol13,0.0,1,58,27.0,1.0,8.72,1.0,1.0,0.44863204,1.0,1.416,1.594,1.0,1.445,3.356224,train,,
copdcontrol16,0.0,1,76,19.79,1.0,8.72,1.671,0.5927,0.6698,0.6506,1.0,1.594,1.473,1.445,1.0,train,,
copdcontrol17,0.0,1,73,22.34,1.0,8.72,1.0,1.0,1.0,1.0,1.0,1.594,1.0,1.0,1.832,train,,
copdcontrol18,0.0,1,80,18.3,1.0,8.72,1.0,0.5927,0.6698,0.42328036,1.416,1.0,1.0,,1.832,train,,
copdcontrol19,0.0,2,63,22.9,0.0,8.72,1.671,1.0,0.6698,1.0,1.416,1.0,1.473,1.0,1.832,train,,
BTcontrol17,0.0,2,24,17.15,0.0,4.63,1.671,0.5927,1.0,0.6506,1.0,1.0,1.473,1.0,1.0,validate,,
BTcontrol8,0.0,2,24,17.57,0.0,4.63,1.671,1.0,0.6698,1.0,1.0,1.0,1.473,1.445,1.0,validate,,
BTcontrol18,0.0,1,21,18.21,1.0,4.63,1.671,0.5927,1.0,1.0,1.0,1.0,1.0,1.0,1.0,validate,,
BTcontrol19,0.0,2,30,18.69,1.0,4.63,2.792241,1.0,1.0,1.0,1.0,1.594,1.473,1.445,1.0,validate,,
BTcontrol9,0.0,2,37,19.36,0.0,4.63,1.671,1.0,1.0,1.0,2.005056,1.0,2.169729,1.445,1.0,validate,,
BTcontrol11,0.0,1,27,19.79,0.0,4.63,1.671,0.5927,1.0,1.0,1.0,1.0,1.0,1.0,1.0,validate,,
BTcontrol1,0.0,2,33,20.134,0.0,4.63,1.0,0.5927,1.0,1.0,2.005056,1.594,2.169729,1.445,1.0,validate,,
BTcontrol5,0.0,2,32,20.81,0.0,4.63,1.0,1.0,0.6698,0.6506,1.416,1.0,1.0,1.0,1.0,validate,,
BTcontrol15,0.0,2,27,21.31,0.0,4.63,1.0,1.0,0.44863204,0.6506,2.005056,1.594,1.473,1.0,1.0,validate,,
BTcontrol3,0.0,2,33,21.48,0.0,4.63,2.792241,1.0,0.6698,1.0,2.005056,1.0,1.473,1.0,1.0,validate,,
BTcontrol4,0.0,2,30,21.48,0.0,4.63,1.671,1.0,1.0,1.0,2.005056,1.0,2.169729,1.445,1.0,validate,,
BTcontrol10,0.0,1,24,21.95,0.0,4.63,1.0,1.0,0.44863204,1.0,1.0,1.0,1.473,1.445,1.0,validate,,
BTcontrol14,0.0,2,28,22.03,0.0,4.63,1.671,1.0,1.0,1.0,1.0,1.0,1.473,1.0,1.0,validate,,
BTcontrol12,0.0,2,27,22.04,0.0,4.63,1.671,1.0,0.6698,1.0,1.416,1.0,2.169729,1.445,1.832,validate,,
BTcontrol7,0.0,1,39,22.23,0.0,4.63,1.671,1.0,0.6698,0.6506,1.416,1.0,1.473,1.0,1.0,validate,,
BTcontrol2,0.0,1,44,22.23,0.0,4.63,1.671,1.0,1.0,1.0,2.005056,1.0,1.473,1.445,1.0,validate,,
BTcontrol6,0.0,1,27,22.49,1.0,4.63,1.0,1.0,0.6698,1.0,1.0,1.0,1.0,2.088025,1.0,validate,,
BTcontrol16,0.0,2,24,22.77,0.0,4.63,1.0,1.0,1.0,0.6506,1.416,1.0,1.473,1.445,1.0,validate,,
BTcontrol13,0.0,2,25,24.74,0.0,4.63,1.671,1.0,0.6698,0.6506,1.416,1.0,1.0,2.088025,1.0,validate,,
BT1811250393LMSBE,0.0,2,29,16.36,1.0,5.31,1.0,0.5927,0.6698,1.0,1.416,1.0,1.0,1.0,1.0,validate,,
BT1811030502LMSBS,0.0,1,24,17.78,0.0,5.31,1.0,1.0,1.0,1.0,2.005056,1.594,1.473,2.088025,1.832,validate,,
BT1810310317LMSBS,0.0,1,62,17.99,1.0,5.31,1.0,1.0,1.0,1.0,1.0,2.540836,1.0,2.088025,3.356224,validate,,
BT1812170227LMSBC,0.0,1,71,18.8,1.0,5.31,1.671,1.0,1.0,0.6506,1.416,1.594,1.473,2.088025,1.0,validate,,
BT1812260244LMSBS,0.0,2,69,19.1,0.0,5.31,1.0,1.0,0.6698,0.6506,1.0,1.594,1.473,1.445,1.832,validate,,
BT1811160175HMSBE,0.0,2,66,19.57,1.0,5.31,1.671,1.0,1.0,0.6506,2.005056,1.0,1.0,1.0,1.0,validate,,
BT1811180519HMSBE,0.0,2,76,20.0,0.0,5.31,1.0,1.0,1.0,1.0,1.0,,1.473,1.0,1.0,validate,,
BT1811180513HMSBE,0.0,2,81,20.0,1.0,5.31,1.0,1.0,1.0,1.0,1.0,1.594,1.0,1.445,1.0,validate,,
BT1811160196HMSBE,0.0,1,63,20.17,1.0,5.31,1.671,1.0,0.44863204,1.0,2.005056,1.0,1.473,1.445,1.0,validate,,
BT1811230205LMSBE,0.0,2,83,20.45,1.0,5.31,1.0,1.0,0.6698,1.0,1.416,1.0,1.0,1.0,1.0,validate,,
BT1811150608HMSBE,0.0,2,77,21.6,0.0,5.31,1.671,0.5927,0.6698,1.0,2.005056,1.0,2.169729,1.445,1.0,validate,,
BT1810260465LMSBE,0.0,2,50,21.93,1.0,5.31,1.671,1.0,0.6698,0.6506,1.416,2.540836,1.0,2.088025,1.0,validate,,
BT1811160167HMSBE,0.0,1,81,21.94,0.0,5.31,1.0,0.5927,1.0,0.6506,1.416,1.0,1.473,1.0,1.0,validate,,
BT1811230203LMSBE,0.0,2,76,22.18,1.0,5.31,1.0,1.0,0.6698,1.0,2.005056,1.594,1.473,1.445,1.0,validate,,
BT1812080390LMSBE,0.0,1,75,22.31,1.0,5.31,1.671,1.0,0.6698,1.0,1.416,1.594,1.473,1.445,1.0,validate,,
BT1810260443LMSBE,0.0,2,80,22.49,0.0,5.31,1.0,1.0,1.0,1.0,1.416,1.0,1.473,1.0,1.0,validate,,
BT1811150600LMSBE,0.0,2,36,22.49,0.0,5.31,2.792241,1.0,1.0,1.0,1.416,1.0,1.473,1.0,1.0,validate,,
BT1811160190HMSBE,0.0,1,92,22.6,0.0,5.31,1.0,1.0,1.0,0.6506,1.416,1.0,1.0,1.0,1.0,validate,,
BT1812290131HMSBS,0.0,1,44,22.6,1.0,5.31,1.0,1.0,1.0,1.0,1.0,1.594,1.0,1.445,1.832,validate,,
BT1811160163HMSBE,0.0,1,77,22.68,0.0,5.31,1.671,1.0,0.6698,1.0,1.416,1.0,1.473,1.0,1.0,validate,,
BT1810260416LMSBE,0.0,2,52,22.68,0.0,5.31,1.0,1.0,0.6698,1.0,1.416,1.0,1.473,1.445,1.0,validate,,
BT1812120220LMSBE,0.0,1,68,22.7,0.0,5.31,1.0,1.0,0.6698,1.0,2.005056,1.594,1.473,1.0,1.0,validate,,
BT1812080387LMSBE,0.0,2,81,22.97,1.0,5.31,1.671,1.0,0.44863204,0.6506,1.416,1.594,1.0,1.445,1.832,validate,,
BT1812120221LMSBE,0.0,1,59,23.3,0.0,5.31,1.671,1.0,0.6698,0.6506,2.005056,,1.473,1.0,1.0,validate,,
BT1811110178LMSBE,0.0,2,74,23.3,0.0,5.31,2.792241,0.5927,1.0,1.0,1.416,1.0,2.169729,1.445,1.832,validate,,
BT1812160415HMSBC,0.0,1,48,24.1,0.0,5.31,1.671,1.0,0.6698,0.6506,1.416,1.0,1.0,1.0,1.0,validate,,
BT1812290127HMSBS,0.0,2,50,24.4,1.0,5.31,1.0,1.0,0.6698,1.0,1.416,1.594,1.0,1.0,1.0,validate,,
BT1812120217LMSBE,0.0,1,62,24.4,1.0,5.31,1.0,1.0,0.6698,0.6506,1.0,1.0,1.0,2.088025,1.0,validate,,
BT1811160181HMSBE,0.0,2,77,24.4,0.0,5.31,1.0,1.0,0.6698,1.0,2.005056,1.594,1.473,1.445,1.832,validate,,
BT1811250391LMSBE,0.0,1,46,24.49,0.0,5.31,1.671,0.5927,0.6698,1.0,1.0,1.0,1.473,1.0,1.0,validate,,
BT1810260363LMSBE,0.0,2,51,24.61,1.0,5.31,1.671,1.0,1.0,1.0,2.005056,1.0,1.473,2.088025,1.0,validate,,
BT1811250392LMSBE,0.0,2,67,24.97,1.0,5.31,1.0,1.0,0.6698,1.0,1.416,1.0,1.0,1.445,1.0,validate,,
BT1811110181LMSBE,0.0,2,86,24.97,1.0,5.31,1.0,1.0,1.0,1.0,1.0,1.0,1.473,1.0,1.832,validate,,
BT1812080392LMSBE,0.0,1,74,25.0,0.0,5.31,1.0,1.0,1.0,1.0,1.416,1.0,1.473,1.445,1.0,validate,,
BT1811150602LMSBS,0.0,2,53,25.06,1.0,5.31,1.0,1.0,0.6698,0.6506,2.005056,1.594,1.0,1.0,1.0,validate,,
BT1811160171HMSBE,0.0,1,58,25.09,1.0,5.31,1.0,1.0,0.6698,0.6506,1.416,1.0,1.473,2.088025,1.0,validate,,
BT1812290140HMSBS,0.0,2,64,25.2,0.0,5.31,2.792241,1.0,0.6698,1.0,2.005056,1.0,2.169729,1.0,1.832,validate,,
BT1811010357LMSBS,0.0,1,94,25.32,1.0,5.31,2.792241,1.0,1.0,1.0,1.0,2.540836,1.473,1.0,1.0,validate,,
BT1811230184LMSBE,0.0,2,83,25.45,1.0,5.31,1.0,1.0,1.0,0.6506,1.416,1.594,1.0,1.0,1.0,validate,,
BT1810230057LMSBS,0.0,1,79,25.77,0.0,5.31,1.671,1.0,1.0,1.0,1.416,1.0,1.473,1.0,1.0,validate,,
BT1811160202HMSBE,0.0,1,62,25.88,0.0,5.31,1.671,1.0,0.44863204,0.6506,1.0,1.594,1.0,1.0,1.0,validate,,
BT1812080393LMSBE,0.0,2,78,26.91,1.0,5.31,1.0,1.0,0.44863204,1.0,1.0,1.594,1.473,1.445,1.0,validate,,
BT1811010355LMSBS,0.0,2,63,26.93,1.0,5.31,1.0,1.0,1.0,0.6506,1.0,1.594,1.473,1.445,1.0,validate,,
BT1811160193HMSBE,0.0,1,50,28.1,0.0,5.31,1.671,1.0,1.0,0.6506,1.416,1.0,1.0,1.0,1.0,validate,,
BT1811160192HMSBE,0.0,2,58,28.16,1.0,5.31,1.0,0.5927,0.6698,1.0,2.005056,1.0,2.169729,1.445,1.0,validate,,
BT1812120223LMSBE,0.0,2,72,28.5,0.0,5.31,1.0,1.0,0.6698,1.0,1.416,1.0,1.0,1.0,1.0,validate,,
BT1812010124HMSBE,0.0,1,53,30.1,0.0,5.31,1.0,0.5927,1.0,1.0,1.0,1.594,1.0,2.088025,1.0,validate,,
BT1811250405LMSBE,0.0,1,61,30.48,0.0,5.31,1.671,0.5927,0.6698,1.0,1.0,2.540836,1.473,1.0,1.0,validate,,
BT1811230278LMSBE,0.0,2,76,31.4,0.0,5.31,1.671,0.5927,1.0,1.0,1.416,2.540836,1.473,1.0,1.0,validate,,
BT1811250402LMSBE,1.0,1,68,14.3,1.0,5.31,2.792241,0.35129329,0.44863204,1.0,1.416,1.0,1.0,1.445,1.0,validate,,
BT1811030505LMSBS,1.0,1,71,14.51,1.0,5.31,1.0,1.0,0.44863204,1.0,2.005056,1.0,1.0,1.445,1.0,validate,,
BT1810260367LMSBE,1.0,2,87,14.56,1.0,5.31,2.792241,1.0,0.44863204,1.0,1.416,1.0,1.0,1.445,1.0,validate,,
BT1811160198HMSBE,1.0,1,69,16.56,1.0,5.31,1.671,1.0,1.0,0.6506,1.416,1.594,1.0,1.445,1.0,validate,,
BT1810260473LMSBE,1.0,1,70,16.9,1.0,5.31,1.671,1.0,1.0,1.0,1.416,1.594,1.0,1.445,1.0,validate,,
BT1811150601HMSBE,1.0,1,72,16.95,0.0,5.31,1.0,1.0,1.0,0.6506,1.416,1.0,2.169729,1.0,1.0,validate,,
BT1812120218LMSBE,1.0,1,77,17.0,1.0,5.31,1.671,0.5927,0.6698,1.0,1.416,1.594,1.473,1.445,1.832,validate,,
BT1811250407LMSBE,1.0,1,68,17.3,1.0,5.31,1.671,1.0,1.0,1.0,1.416,,1.0,1.0,1.0,validate,,
BT1812010104HMSBE,1.0,1,75,17.3,1.0,5.31,1.0,0.5927,0.44863204,1.0,1.416,1.0,2.169729,1.0,1.0,validate,,
BT1812010127HMSBE,1.0,1,47,17.3,1.0,5.31,1.671,0.5927,1.0,0.42328036,1.416,1.594,1.0,2.088025,1.832,validate,,
BT1811110184LMSBE,1.0,1,53,17.56,0.0,5.31,1.671,0.5927,1.0,0.6506,1.0,1.0,1.473,1.445,1.0,validate,,
BT1810260411LMSBE,1.0,1,81,17.57,1.0,5.31,1.671,1.0,1.0,1.0,1.416,1.0,1.0,2.088025,1.0,validate,,
BT1812290135HMSBS,1.0,1,62,17.71,1.0,5.31,1.671,0.5927,1.0,1.0,1.416,1.0,1.473,1.0,1.0,validate,,
BT1812010135HMSBE,1.0,1,82,17.8,1.0,5.31,1.671,0.5927,0.6698,0.42328036,2.005056,1.0,1.473,1.445,1.0,validate,,
BT1810310313LMSBS,1.0,1,57,17.93,1.0,5.31,1.0,0.5927,1.0,1.0,1.416,1.0,1.0,2.088025,1.0,validate,,
BT1811110187LMSBE,1.0,1,77,18.73,0.0,5.31,1.0,1.0,1.0,0.6506,2.005056,1.594,1.0,1.0,1.0,validate,,
BT1812010114HMSBE,1.0,1,75,18.9,1.0,5.31,1.0,1.0,1.0,1.0,1.416,1.0,1.473,,1.0,validate,,
BT1810310311LMSBS,1.0,1,68,19.03,1.0,5.31,1.0,1.0,1.0,1.0,1.416,1.0,1.0,1.0,1.0,validate,,
BT1812260249LMSBE,1.0,2,48,19.03,1.0,5.31,1.0,1.0,0.6698,1.0,1.416,1.594,1.0,1.445,1.0,validate,,
BT1812010109HMSBE,1.0,1,83,19.14,1.0,5.31,1.0,0.5927,0.6698,0.6506,1.0,,1.0,1.445,1.0,validate,,
BT1811160183HMSBE,1.0,1,60,19.37,0.0,5.31,1.671,1.0,1.0,1.0,1.0,1.594,1.473,1.0,1.0,validate,,
BT1812010130HMSBE,1.0,1,67,19.4,1.0,5.31,1.671,1.0,1.0,0.42328036,1.416,1.0,1.0,1.445,1.832,validate,,
BT1811110199LMSBE,1.0,1,73,19.67,1.0,5.31,1.0,1.0,0.6698,1.0,2.005056,1.0,1.0,2.088025,1.0,validate,,
BT1811010358LMSBS,1.0,1,74,19.81,1.0,5.31,1.0,0.5927,1.0,1.0,1.416,1.0,1.473,1.445,1.0,validate,,
BT1811030500LMSBS,1.0,1,60,19.84,1.0,5.31,1.0,1.0,0.6698,0.6506,1.416,2.540836,1.473,1.0,1.0,validate,,
BT1812120215LMSBE,1.0,1,86,20.0,1.0,5.31,1.0,1.0,0.6698,1.0,1.416,1.0,1.473,2.088025,1.832,validate,,
BT1811230213LMSBE,1.0,1,73,20.05,1.0,5.31,1.0,0.5927,0.6698,1.0,1.416,1.594,1.473,1.445,1.0,validate,,
BT1812160403HMSBE,1.0,1,72,20.2,1.0,5.31,2.792241,0.5927,0.6698,1.0,1.416,1.0,2.169729,1.0,1.0,validate,,
BT1811230197LMSBE,1.0,1,76,20.2,1.0,5.31,1.0,1.0,0.6698,0.6506,1.416,1.594,1.473,1.445,1.0,validate,,
BT1811230201LMSBE,1.0,1,86,20.31,1.0,5.31,1.671,1.0,1.0,1.0,1.416,2.540836,1.0,1.445,1.0,validate,,
BT1811230215LMSBE,1.0,2,68,20.31,0.0,5.31,1.671,1.0,1.0,1.0,1.416,1.594,2.169729,1.445,1.0,validate,,
BT1811160188HMSBE,1.0,1,71,20.57,1.0,5.31,1.671,1.0,0.6698,1.0,1.416,2.540836,1.473,1.445,1.0,validate,,
BT1811250403LMSBE,1.0,1,76,20.57,1.0,5.31,1.0,0.5927,1.0,0.6506,1.416,1.0,2.169729,2.088025,1.0,validate,,
BT1810260402LMSBE,1.0,1,76,20.68,1.0,5.31,1.0,1.0,1.0,1.0,1.416,1.0,1.473,2.088025,1.0,validate,,
BT1811160178HMSBE,1.0,1,60,20.76,1.0,5.31,1.671,1.0,1.0,0.6506,1.0,1.594,1.473,1.445,1.0,validate,,
BT1811230221LMSBE,1.0,1,76,20.98,1.0,5.31,1.671,0.5927,0.6698,0.42328036,1.0,1.0,1.473,1.0,1.0,validate,,
BT1812160409HMSBE,1.0,2,70,21.0,0.0,5.31,1.671,1.0,1.0,1.0,1.416,1.0,1.473,2.088025,1.832,validate,,
BT1811230185LMSBE,1.0,1,82,21.08,1.0,5.31,1.671,0.5927,0.44863204,0.6506,1.416,1.594,1.0,1.445,1.832,validate,,
BT1810310309LMSBS,1.0,1,86,21.33,1.0,5.31,2.792241,1.0,1.0,1.0,2.005056,1.594,1.0,1.445,1.0,validate,,
BT1811230217LMSBE,1.0,1,92,21.45,0.0,5.31,1.0,1.0,0.6698,1.0,1.416,1.594,1.0,2.088025,1.0,validate,,
BT1811030498LMSBS,1.0,2,74,21.46,0.0,5.31,1.671,1.0,1.0,1.0,2.005056,1.0,1.0,1.445,1.832,validate,,
BT1811230220LMSBE,1.0,1,67,21.48,1.0,5.31,1.0,0.5927,1.0,1.0,1.416,1.0,1.0,2.088025,1.0,validate,,
BT1811220451LMSBE,1.0,1,70,21.48,1.0,5.31,1.0,0.5927,1.0,1.0,2.005056,2.540836,2.169729,1.0,1.832,validate,,
BT1810260387LMSBE,1.0,1,50,21.6,1.0,5.31,1.0,1.0,0.6698,1.0,1.416,1.0,1.473,1.0,1.0,validate,,
BT1811250400LMSBE,1.0,1,79,21.6,1.0,5.31,2.792241,1.0,1.0,1.0,1.0,1.594,1.0,2.088025,1.0,validate,,
BT1812120222LMSBE,1.0,1,70,22.0,1.0,5.31,1.0,1.0,1.0,0.6506,1.0,,1.473,1.0,1.0,validate,,
BT1812120214LMSBE,1.0,1,86,22.2,1.0,5.31,1.671,1.0,1.0,0.6506,2.005056,1.0,1.0,1.445,1.0,validate,,
BT1811220465LMSBE,1.0,1,76,22.41,1.0,5.31,1.671,1.0,1.0,0.6506,2.005056,1.0,1.473,1.445,1.0,validate,,
BT1812010106HMSBE,1.0,1,81,22.49,1.0,5.31,1.0,1.0,1.0,1.0,2.005056,1.0,1.473,1.445,1.0,validate,,
BT1811250397LMSBE,1.0,1,65,22.49,1.0,5.31,1.0,1.0,1.0,1.0,1.416,1.0,1.0,1.445,1.832,validate,,
BT1812120216LMSBE,1.0,1,77,22.5,1.0,5.31,1.0,1.0,0.6698,1.0,1.0,1.0,1.0,1.0,1.0,validate,,
BT1810310315LMSBS,1.0,1,83,22.59,1.0,5.31,1.0,1.0,0.6698,1.0,2.005056,1.0,1.473,2.088025,1.0,validate,,
BT1811250398LMSBE,1.0,1,82,22.59,1.0,5.31,1.671,0.5927,0.6698,1.0,2.005056,1.0,1.473,1.0,1.832,validate,,
BT1811180517HMSBE,1.0,1,72,22.6,0.0,5.31,1.0,1.0,0.6698,1.0,1.416,1.0,1.0,1.445,1.0,validate,,
BT1812010141HMSBE,1.0,1,61,22.7,1.0,5.31,1.0,1.0,0.6698,0.6506,1.416,1.594,1.0,2.088025,1.0,validate,,
BT1812010108HMSBE,1.0,1,89,22.77,1.0,5.31,1.671,1.0,0.6698,0.6506,1.416,1.0,1.473,1.0,1.0,validate,,
BT1811230193LMSBE,1.0,1,71,22.84,0.0,5.31,1.671,1.0,0.6698,1.0,1.416,1.0,1.0,1.0,1.0,validate,,
BT1812010105HMSBE,1.0,1,79,22.98,1.0,5.31,,0.5927,1.0,1.0,,1.594,1.473,1.0,1.0,validate,,
BT1812290137HMSBS,1.0,1,73,23.01,1.0,5.31,2.792241,1.0,1.0,1.0,2.005056,1.594,1.473,2.088025,1.832,validate,,
BT1812010125HMSBE,1.0,1,86,23.03,1.0,5.31,1.0,1.0,1.0,0.6506,1.416,,1.473,1.0,1.0,validate,,
BT1812080382LMSBE,1.0,2,67,23.04,0.0,5.31,2.792241,1.0,1.0,0.6506,1.416,1.0,2.169729,2.088025,1.0,validate,,
BT1811110194LMSBE,1.0,1,69,23.31,1.0,5.31,1.671,1.0,1.0,1.0,1.416,1.0,1.473,1.445,1.832,validate,,
BT1811250396LMSBE,1.0,1,65,23.32,1.0,5.31,1.0,1.0,0.44863204,0.6506,2.005056,1.594,1.0,2.088025,1.0,validate,,
BT1812010145HMSBE,1.0,1,53,23.53,0.0,5.31,1.671,0.5927,1.0,0.6506,1.416,1.0,1.0,1.445,1.0,validate,,
BT1811230212LMSBE,1.0,1,77,23.53,1.0,5.31,2.792241,1.0,1.0,0.6506,2.005056,1.594,1.0,2.088025,1.0,validate,,
BT1811230198LMSBE,1.0,1,58,23.6,1.0,5.31,1.0,1.0,1.0,0.6506,1.416,1.0,1.473,1.0,1.0,validate,,
BT1810230058LMSBS,1.0,2,73,23.63,1.0,5.31,1.0,1.0,1.0,0.6506,1.416,2.540836,1.0,1.445,1.0,validate,,
BT1812260245LMSBE,1.0,1,77,23.63,0.0,5.31,1.671,0.5927,0.44863204,1.0,1.0,1.0,1.473,1.445,1.0,validate,,
BT1811010351LMSBS,1.0,1,74,23.71,1.0,5.31,1.671,1.0,1.0,1.0,1.0,1.0,1.473,1.445,1.0,validate,,
BT1811030501LMSBS,1.0,1,76,23.81,1.0,5.31,1.0,1.0,0.6698,1.0,1.0,1.594,1.473,1.445,1.0,validate,,
BT1811160185HMSBE,1.0,1,79,23.83,1.0,5.31,1.0,1.0,0.6698,0.42328036,2.005056,1.0,1.0,1.0,1.0,validate,,
BT1811220456LMSBE,1.0,1,63,23.9,1.0,5.31,1.0,1.0,1.0,1.0,1.0,1.594,1.473,1.0,1.0,validate,,
BT1811110202LMSBE,1.0,1,79,24.0,0.0,5.31,1.0,1.0,1.0,1.0,1.416,1.594,1.0,1.0,1.0,validate,,
BT1810260457LMSBE,1.0,1,78,24.03,1.0,5.31,1.0,1.0,1.0,1.0,1.0,1.0,1.0,1.445,1.0,validate,,
BT1810260375LMSBE,1.0,1,66,24.03,0.0,5.31,1.0,1.0,0.6698,0.6506,1.0,1.0,1.0,2.088025,1.0,validate,,
BT1811230188LMSBE,1.0,1,78,24.2,1.0,5.31,1.671,1.0,0.44863204,1.0,1.416,1.0,1.0,1.0,1.0,validate,,
BT1812160416HMSBC,1.0,1,70,24.2,1.0,5.31,1.0,1.0,0.6698,1.0,1.416,1.594,1.473,2.088025,1.832,validate,,
BT1811110168LMSBE,1.0,1,83,24.22,1.0,5.31,1.671,0.5927,0.44863204,1.0,2.005056,1.0,1.473,1.0,1.0,validate,,
BT1811230218LMSBE,1.0,1,64,24.22,1.0,5.31,2.792241,1.0,0.6698,0.6506,1.0,1.594,1.0,1.445,1.0,validate,,
BT1811110190LMSBE,1.0,1,69,24.49,1.0,5.31,1.0,0.35129329,1.0,1.0,1.0,1.0,1.0,2.088025,1.0,validate,,
BT1812080384LMSBE,1.0,1,50,24.5,0.0,5.31,1.671,1.0,0.44863204,1.0,1.416,1.0,1.473,2.088025,1.0,validate,,
BT1811230195LMSBE,1.0,1,77,24.6,1.0,5.31,1.0,1.0,1.0,1.0,1.416,1.594,1.0,1.445,1.832,validate,,
BT1810260396LMSBE,1.0,1,98,24.91,1.0,5.31,1.0,0.5927,1.0,0.6506,2.005056,1.0,1.473,1.0,1.0,validate,,
BT1810230050LMSBS,1.0,1,78,25.04,1.0,5.31,1.0,1.0,1.0,1.0,2.005056,1.594,2.169729,1.445,1.0,validate,,
BT1810230055LMSBS,1.0,1,71,25.06,1.0,5.31,1.671,1.0,0.44863204,0.6506,1.0,2.540836,1.473,1.0,1.832,validate,,
BT1810230051LMSBS,1.0,1,85,25.15,1.0,5.31,1.671,0.5927,1.0,1.0,1.0,1.0,1.0,1.0,1.0,validate,,
BT1812120212LMSBE,1.0,1,71,25.2,1.0,5.31,1.671,0.5927,0.6698,1.0,1.0,1.594,1.473,1.0,1.0,validate,,
BT1812010143HMSBE,1.0,1,44,25.21,0.0,5.31,1.671,1.0,0.6698,1.0,1.0,1.594,1.0,1.445,1.0,validate,,
BT1811160179HMSBE,1.0,1,71,25.22,1.0,5.31,1.0,1.0,1.0,1.0,1.416,1.594,1.0,2.088025,1.0,validate,,
BT1812160399HMSBE,1.0,1,80,25.3,0.0,5.31,1.0,1.0,0.44863204,0.6506,2.005056,1.0,1.473,2.088025,1.0,validate,,
BT1811250399LMSBE,1.0,1,80,25.35,1.0,5.31,1.671,1.0,0.44863204,1.0,1.416,1.0,1.0,1.0,1.0,validate,,
BT1811010354LMSBS,1.0,2,73,25.86,0.0,5.31,1.671,1.0,1.0,1.0,1.416,1.0,1.473,1.445,1.0,validate,,
BT1812010113HMSBE,1.0,1,82,25.9,1.0,5.31,1.0,1.0,0.6698,0.6506,2.005056,,1.473,,1.0,validate,,
BT1811250406LMSBE,1.0,2,69,26.22,0.0,5.31,1.0,1.0,0.6698,1.0,2.005056,1.594,2.169729,1.445,1.0,validate,,
BT1812160413HMSBE,1.0,1,84,26.3,1.0,5.31,1.671,1.0,1.0,1.0,1.416,1.0,1.473,1.445,1.0,validate,,
BT1811180520HMSBE,1.0,1,62,26.3,1.0,5.31,1.0,1.0,1.0,0.6506,1.0,2.540836,1.473,1.445,1.0,validate,,
BT1812010138HMSBE,1.0,1,67,26.6,1.0,5.31,1.671,0.5927,0.6698,0.6506,2.005056,1.0,1.0,1.0,1.0,validate,,
BT1812160401HMSBE,1.0,2,76,26.6,0.0,5.31,1.0,1.0,1.0,1.0,1.0,1.0,1.473,1.0,1.0,validate,,
BT1811220463LMSBE,1.0,1,65,26.67,1.0,5.31,1.0,1.0,0.44863204,0.6506,1.0,1.0,1.0,1.0,1.0,validate,,
BT1811230208LMSBE,1.0,2,61,27.06,0.0,5.31,2.792241,1.0,1.0,1.0,1.0,1.0,1.473,1.0,1.0,validate,,
BT1810230060LMSBS,1.0,1,56,27.39,1.0,5.31,1.0,1.0,0.6698,1.0,1.416,1.0,1.0,1.0,3.356224,validate,,
BT1811010352LMSBS,1.0,1,74,27.55,1.0,5.31,1.671,0.5927,1.0,1.0,1.416,1.0,2.169729,1.0,1.0,validate,,
BT1811230211LMSBE,1.0,1,51,27.9,1.0,5.31,1.0,0.5927,1.0,0.6506,2.005056,1.0,2.169729,1.0,1.0,validate,,
BT1812260246LMSBE,1.0,1,68,28.36,1.0,5.31,1.0,1.0,0.6698,1.0,1.416,1.0,1.0,1.0,1.832,validate,,
BT1811010448LMSBS,1.0,2,69,28.38,0.0,5.31,1.0,1.0,0.6698,1.0,1.0,1.594,1.0,2.088025,1.0,validate,,
BT1811150599HMSBE,1.0,1,69,28.4,0.0,5.31,1.671,1.0,0.6698,1.0,1.416,1.0,1.473,1.0,1.832,validate,,
BT1812080389LMSBE,1.0,1,77,29.03,0.0,5.31,1.671,0.5927,1.0,0.6506,1.0,1.0,1.0,1.0,1.0,validate,,
BT1812080386LMSBE,1.0,1,72,29.41,1.0,5.31,1.0,0.35129329,0.44863204,1.0,2.005056,1.594,1.0,1.445,1.0,validate,,
BT1812010133HMSBE,1.0,2,63,29.5,0.0,5.31,1.0,1.0,1.0,1.0,2.005056,1.0,1.0,2.088025,1.0,validate,,
BT1811180515HMSBE,1.0,2,93,29.6,1.0,5.31,1.0,1.0,0.6698,1.0,1.416,1.0,1.0,1.0,1.0,validate,,
BT1812120213LMSBE,1.0,1,70,29.7,1.0,5.31,1.0,0.5927,0.6698,1.0,1.416,1.594,1.0,2.088025,1.0,validate,,
BT1811160173HMSBE,1.0,1,75,29.76,1.0,5.31,1.671,1.0,0.6698,0.6506,1.416,1.594,1.473,,1.0,validate,,
BT1811250394LMSBE,1.0,1,68,30.07,1.0,5.31,1.671,1.0,1.0,1.0,1.416,1.594,1.0,1.0,1.0,validate,,
BT1812010102HMSBE,1.0,1,55,30.1,1.0,5.31,1.0,1.0,0.6698,1.0,1.416,1.0,2.169729,,1.0,validate,,
BT1811030497LMSBS,1.0,2,80,30.1,0.0,5.31,1.0,1.0,1.0,1.0,1.416,1.594,1.473,2.088025,1.832,validate,,
BT1811030504LMSBS,1.0,2,79,30.59,1.0,5.31,1.0,1.0,1.0,0.6506,2.005056,1.0,1.473,1.445,1.0,validate,,
BT1812260248LMSBE,1.0,1,79,31.19,1.0,5.31,1.671,1.0,1.0,0.42328036,1.0,1.0,1.473,1.445,1.0,validate,,
BT1811010356LMSBS,1.0,1,81,31.39,1.0,5.31,1.0,1.0,1.0,0.6506,2.005056,1.0,1.473,1.0,1.0,validate,,
BT1810170435LMSWX,1.0,1,50,24.22,1.0,6.88,1.0,1.0,1.0,1.0,1.0,1.0,2.169729,1.0,1.0,validate,,
BT1810170434LMSWX,1.0,1,81,24.22,1.0,6.88,1.0,0.5927,0.44863204,0.6506,1.416,1.0,1.0,,1.0,validate,,
BT1810170433LMSWX,1.0,1,61,25.51,0.0,6.88,1.671,1.0,0.6698,1.0,1.0,,1.473,,1.0,validate,,
BT1810170443LMSWX,1.0,2,79,27.34,0.0,6.88,1.671,1.0,1.0,1.0,1.0,1.0,1.473,2.088025,1.0,validate,,
BT1904220401LMSWX,0.0,2,33,18.43,0.0,7.76,1.671,1.0,1.0,1.0,1.416,1.0,1.473,1.445,1.0,validate,,
BT1904220399LMSWX,0.0,2,28,19.53,0.0,7.76,1.0,1.0,1.0,1.0,1.0,1.594,1.0,,1.0,validate,,
BT1904220375LMSWX,0.0,2,26,20.31,0.0,7.76,1.671,0.5927,1.0,1.0,1.0,1.0,1.0,1.445,1.0,validate,,
BT1904300373LMSWX,0.0,2,25,20.39,0.0,7.76,1.0,1.0,0.44863204,0.6506,1.416,1.0,1.473,1.445,1.0,validate,,
BT1904220403LMSWX,0.0,1,28,20.76,0.0,7.76,1.0,1.0,1.0,0.6506,1.416,1.0,1.0,1.0,1.0,validate,,
BT1904300372LMSWX,0.0,2,26,20.93,0.0,7.76,,1.0,,1.0,2.005056,1.0,1.264887277,,,validate,,
BT1904220386LMSWX,0.0,2,33,20.94,0.0,7.76,1.0,1.0,0.6698,1.0,2.005056,1.0,1.473,1.0,1.832,validate,,
BT1904300358LMSWX,0.0,1,30,21.29,0.0,7.76,1.671,1.0,0.6698,0.6506,1.0,1.0,1.0,1.445,1.0,validate,,
BT1904300371LMSWX,0.0,1,25,21.97,0.0,7.76,1.671,1.0,0.6698,1.0,1.0,1.594,1.473,2.088025,1.832,validate,,
BT1904220365LMSWX,0.0,2,29,22.04,0.0,7.76,1.0,1.0,1.0,1.0,2.005056,1.594,1.473,1.0,1.832,validate,,
BT1904220385LMSWX,0.0,2,26,22.31,0.0,7.76,1.0,1.0,1.0,0.6506,1.416,1.594,2.169729,1.0,1.0,validate,,
BT1904300363LMSWX,0.0,2,32,22.66,0.0,7.76,1.671,0.5927,1.0,1.0,1.416,1.594,1.473,1.445,1.0,validate,,
BT1904220391LMSWX,0.0,2,31,22.76,1.0,7.76,1.0,1.0,0.6698,0.42328036,1.416,1.594,2.169729,1.445,1.0,validate,,
BT1904300356LMSWX,0.0,2,25,23.34,0.0,7.76,1.0,1.0,1.0,1.0,2.005056,1.0,1.473,1.445,1.0,validate,,
BT1904220408LMSWX,0.0,2,27,23.711,0.0,7.76,1.671,0.5927,1.0,1.0,2.005056,1.0,1.473,1.445,1.0,validate,,
BT1904300365LMSWX,0.0,2,33,24.97,0.0,7.76,1.0,1.0,1.0,1.0,2.005056,1.0,1.0,1.0,1.0,validate,,
BT1904300366LMSWX,0.0,2,33,24.97,0.0,7.76,1.0,1.0,1.0,1.0,1.416,1.594,1.473,1.0,1.0,validate,,
BT1904300368LMSWX,0.0,2,32,25.78,0.0,7.76,1.0,1.0,0.6698,1.0,1.0,1.594,1.473,1.445,1.0,validate,,
BT1904220380LMSWX,0.0,1,32,26.22,0.0,7.76,1.671,1.0,0.6698,0.6506,1.416,1.594,2.169729,1.0,1.0,validate,,
BT1904300361LMSWX,0.0,2,22,27.34,0.0,7.76,1.0,1.0,1.0,1.0,1.416,1.0,1.0,1.445,1.0,validate,,
BT1904220371LMSWX,0.0,1,31,29.38,0.0,7.76,2.792241,1.0,1.0,0.6506,1.416,1.0,1.0,1.445,1.832,validate,,
BT1901190471HMSWX,1.0,2,75,15.82,0.0,8.6,,1.0,0.6698,0.6506,1.416,1.0,1.473,1.445,1.0,validate,,
BT1901190474HMSWX,1.0,1,60,18.36,0.0,8.6,1.0,1.0,0.44863204,0.6506,1.416,1.594,1.473,,1.0,validate,,
BT1901190469HMSWX,1.0,1,80,18.73,1.0,8.6,1.0,0.5927,1.0,1.0,1.416,1.0,1.473,1.445,1.0,validate,,
BT1901190481HMSWX,1.0,1,49,19.35,1.0,8.6,1.0,,0.6698,1.0,1.416,1.594,1.473,,1.0,validate,,
BT1812220603HMSWX,1.0,1,73,19.46,1.0,8.6,1.0,,0.44863204,0.42328036,,1.594,1.0,,1.0,validate,,
BT1901190476HMSWX,1.0,2,72,19.56,0.0,8.6,1.0,1.0,0.6698,1.0,1.416,1.594,1.473,1.0,1.0,validate,,
BT1901190480HMSWX,1.0,2,73,19.7,1.0,8.6,1.671,0.35129329,1.0,1.0,1.416,1.594,1.473,1.0,1.0,validate,,
BT1901190468HMSWX,1.0,1,77,20.2,1.0,8.6,1.0,1.0,1.0,1.0,1.416,1.0,1.473,1.445,1.0,validate,,
BT1901190479HMSWX,1.0,1,59,20.76,1.0,8.6,1.0,1.0,1.0,1.0,1.416,1.0,1.0,1.0,1.0,validate,,
BT1901190467HMSWX,1.0,1,75,20.76,1.0,8.6,2.792241,1.0,1.0,1.0,1.416,1.594,1.0,1.0,1.0,validate,,
BT1901190475HMSWX,1.0,1,89,20.98,0.0,8.6,1.0,1.0,1.0,1.0,1.416,1.0,1.0,1.445,1.0,validate,,
BT1812220604HMSWX,1.0,1,81,21.0,0.0,8.6,1.671,0.5927,1.0,1.0,1.0,1.0,2.169729,1.445,1.0,validate,,
BT1812220600HMSWX,1.0,2,85,21.1,0.0,8.6,1.671,1.0,0.6698,0.6506,1.416,1.594,1.0,,1.832,validate,,
BT1901190466HMSWX,1.0,1,68,21.51,1.0,8.6,1.0,0.5927,1.0,0.6506,1.0,1.0,1.473,,1.832,validate,,
BT1812220602HMSWX,1.0,1,61,21.77,1.0,8.6,1.0,1.0,0.6698,0.42328036,1.416,1.594,1.473,1.0,3.356224,validate,,
BT1812220599HMSWX,1.0,1,75,22.49,1.0,8.6,1.671,1.0,1.0,0.6506,1.0,1.0,1.0,1.0,1.0,validate,,
BT1901190465HMSWX,1.0,1,62,23.43,1.0,8.6,1.671,1.0,0.44863204,0.6506,2.005056,1.0,1.473,1.0,1.0,validate,,
BT1901190478HMSWX,1.0,1,62,23.43,1.0,8.6,1.671,1.0,1.0,1.0,1.416,1.0,1.473,2.088025,1.0,validate,,
BT1901190477HMSWX,1.0,1,67,23.52,1.0,8.6,1.0,1.0,1.0,1.0,1.0,1.0,1.0,1.0,1.0,validate,,
BT1812220594HMSWX,1.0,1,58,23.66,1.0,8.6,1.0,1.0,,1.0,1.416,,1.264887277,,,validate,,
BT1812220598HMSWX,1.0,1,70,23.66,1.0,8.6,1.671,1.0,1.0,1.0,1.416,1.0,1.473,1.0,1.832,validate,,
BT1812220596HMSWX,1.0,1,71,24.21,0.0,8.6,1.671,1.0,1.0,1.0,1.0,,1.473,,1.832,validate,,
BT1901190473HMSWX,1.0,1,74,24.45,0.0,8.6,1.671,0.5927,0.6698,0.6506,1.416,1.0,1.473,1.0,1.0,validate,,
BT1812220601HMSWX,1.0,1,71,25.24,1.0,8.6,,,0.6698,1.0,1.0,,1.0,2.088025,,validate,,
BT1901190482HMSWX,1.0,1,76,25.95,0.0,8.6,1.0,1.0,1.0,1.0,1.0,1.0,2.169729,1.0,1.0,validate,,
BT1901190472HMSWX,1.0,1,71,25.95,1.0,8.6,1.0,1.0,0.6698,1.0,1.416,1.594,1.0,1.445,1.0,validate,,
BT1812220593HMSWX,1.0,1,84,27.54,1.0,8.6,1.671,0.5927,1.0,1.0,1.416,1.0,1.473,,1.0,validate,,
BT1812240022LMSBS,1.0,1,79,27.55,1.0,8.6,1.0,1.0,1.0,1.0,1.416,1.0,1.473,1.445,1.0,validate,,
BT1901190470HMSWX,1.0,1,63,29.38,1.0,8.6,1.0,1.0,0.6698,0.6506,1.416,1.0,1.0,2.088025,1.0,validate,,
1,,2,26,,,,,,,,,,,,,,Yes,High Risk
2,,2,52,,,,,,,,,,,,,,No,High Risk
3,,2,56,,,,,,,,,,,,,,Yes,High Risk
4,,1,55,,,,,,,,,,,,,,Yes,High Risk
5,,2,43,,,,,,,,,,,,,,No,High Risk
6,,1,23,,,,,,,,,,,,,,No,High Risk
7,,2,33,,,,,,,,,,,,,,No,High Risk
8,,1,20,,,,,,,,,,,,,,Yes,High Risk
9,,1,36,,,,,,,,,,,,,,No,High Risk
10,,1,27,,,,,,,,,,,,,,No,High Risk
11,,2,34,,,,,,,,,,,,,,No,High Risk
12,,1,43,,,,,,,,,,,,,,No,High Risk
13,,2,51,,,,,,,,,,,,,,Yes,High Risk
14,,1,54,,,,,,,,,,,,,,Yes,High Risk
15,,2,22,,,,,,,,,,,,,,Yes,High Risk
16,,2,53,,,,,,,,,,,,,,Yes,High Risk
17,,2,39,,,,,,,,,,,,,,Yes,High Risk
18,,1,34,,,,,,,,,,,,,,Yes,High Risk
19,,1,51,,,,,,,,,,,,,,No,High Risk
20,,1,37,,,,,,,,,,,,,,Yes,High Risk
21,,2,52,,,,,,,,,,,,,,No,High Risk
22,,2,24,,,,,,,,,,,,,,No,High Risk
23,,2,56,,,,,,,,,,,,,,Yes,High Risk
24,,2,23,,,,,,,,,,,,,,Yes,High Risk
25,,1,58,,,,,,,,,,,,,,No,High Risk
26,,1,27,,,,,,,,,,,,,,No,High Risk
27,,1,41,,,,,,,,,,,,,,No,High Risk
28,,1,27,,,,,,,,,,,,,,No,High Risk
29,,1,63,,,,,,,,,,,,,,No,High Risk
30,,2,25,,,,,,,,,,,,,,Yes,High Risk
31,,1,42,,,,,,,,,,,,,,Yes,High Risk
32,,2,18,,,,,,,,,,,,,,No,High Risk
33,,2,22,,,,,,,,,,,,,,Yes,High Risk
34,,1,54,,,,,,,,,,,,,,Yes,High Risk
35,,2,22,,,,,,,,,,,,,,Yes,High Risk
36,,2,34,,,,,,,,,,,,,,Yes,High Risk
37,,1,20,,,,,,,,,,,,,,No,High Risk
38,,1,43,,,,,,,,,,,,,,No,High Risk
39,,1,19,,,,,,,,,,,,,,No,High Risk
40,,2,65,,,,,,,,,,,,,,Yes,High Risk
41,,2,22,,,,,,,,,,,,,,No,High Risk
42,,2,58,,,,,,,,,,,,,,Yes,High Risk
43,,1,59,,,,,,,,,,,,,,Yes,High Risk
44,,1,54,,,,,,,,,,,,,,Yes,High Risk
45,,2,57,,,,,,,,,,,,,,Yes,High Risk
46,,1,45,,,,,,,,,,,,,,No,High Risk
47,,2,62,,,,,,,,,,,,,,No,High Risk
48,,1,39,,,,,,,,,,,,,,Yes,High Risk
49,,2,43,,,,,,,,,,,,,,No,High Risk
50,,1,20,,,,,,,,,,,,,,No,High Risk
51,,2,59,,,,,,,,,,,,,,No,High Risk
52,,2,21,,,,,,,,,,,,,,No,High Risk
53,,1,58,,,,,,,,,,,,,,No,High Risk
54,,1,23,,,,,,,,,,,,,,Yes,High Risk
55,,1,48,,,,,,,,,,,,,,No,High Risk
56,,2,54,,,,,,,,,,,,,,Yes,High Risk
57,,1,47,,,,,,,,,,,,,,No,High Risk
58,,1,50,,,,,,,,,,,,,,No,High Risk
59,,2,64,,,,,,,,,,,,,,No,High Risk
60,,2,52,,,,,,,,,,,,,,No,High Risk
61,,1,38,,,,,,,,,,,,,,No,High Risk
62,,1,28,,,,,,,,,,,,,,No,High Risk
63,,1,46,,,,,,,,,,,,,,Yes,High Risk
64,,1,49,,,,,,,,,,,,,,No,High Risk
65,,1,60,,,,,,,,,,,,,,Yes,High Risk
66,,1,47,,,,,,,,,,,,,,Yes,High Risk
67,,2,24,,,,,,,,,,,,,,Yes,High Risk
68,,1,43,,,,,,,,,,,,,,No,High Risk
69,,2,41,,,,,,,,,,,,,,Yes,High Risk
70,,1,49,,,,,,,,,,,,,,No,High Risk
71,,2,50,,,,,,,,,,,,,,Yes,High Risk
72,,1,20,,,,,,,,,,,,,,No,High Risk
73,,2,58,,,,,,,,,,,,,,Yes,High Risk
74,,2,28,,,,,,,,,,,,,,Yes,High Risk
75,,1,39,,,,,,,,,,,,,,No,High Risk
76,,1,65,,,,,,,,,,,,,,Yes,High Risk
77,,2,43,,,,,,,,,,,,,,Yes,High Risk
78,,2,32,,,,,,,,,,,,,,Yes,High Risk
79,,2,63,,,,,,,,,,,,,,Yes,High Risk
80,,2,58,,,,,,,,,,,,,,No,High Risk
81,,2,22,,,,,,,,,,,,,,Yes,High Risk
82,,1,37,,,,,,,,,,,,,,Yes,High Risk
83,,2,52,,,,,,,,,,,,,,Yes,High Risk
84,,1,51,,,,,,,,,,,,,,Yes,High Risk
85,,2,25,,,,,,,,,,,,,,Yes,High Risk
86,,1,30,,,,,,,,,,,,,,No,High Risk
87,,1,53,,,,,,,,,,,,,,No,High Risk
88,,2,38,,,,,,,,,,,,,,No,High Risk
89,,1,45,,,,,,,,,,,,,,Yes,High Risk
90,,2,38,,,,,,,,,,,,,,No,High Risk
91,,1,23,,,,,,,,,,,,,,No,High Risk
92,,2,36,,,,,,,,,,,,,,No,High Risk
93,,2,38,,,,,,,,,,,,,,Yes,High Risk
94,,1,34,,,,,,,,,,,,,,No,High Risk
95,,2,29,,,,,,,,,,,,,,No,High Risk
96,,1,23,,,,,,,,,,,,,,No,High Risk
97,,1,36,,,,,,,,,,,,,,No,High Risk
98,,2,46,,,,,,,,,,,,,,Yes,High Risk
99,,2,34,,,,,,,,,,,,,,Yes,High Risk
100,,1,23,,,,,,,,,,,,,,Yes,High Risk
101,,1,45,,,,,,,,,,,,,,Yes,High Risk
102,,1,33,,,,,,,,,,,,,,No,High Risk
103,,1,27,,,,,,,,,,,,,,No,High Risk
104,,2,34,,,,,,,,,,,,,,No,High Risk
105,,1,27,,,,,,,,,,,,,,No,High Risk
106,,2,47,,,,,,,,,,,,,,Yes,High Risk
107,,1,21,,,,,,,,,,,,,,Yes,High Risk
108,,2,44,,,,,,,,,,,,,,Yes,High Risk
109,,1,44,,,,,,,,,,,,,,Yes,High Risk
110,,1,52,,,,,,,,,,,,,,No,High Risk
111,,1,26,,,,,,,,,,,,,,Yes,High Risk
112,,1,48,,,,,,,,,,,,,,Yes,High Risk
113,,1,27,,,,,,,,,,,,,,Yes,High Risk
114,,2,24,,,,,,,,,,,,,,No,High Risk
115,,2,34,,,,,,,,,,,,,,No,High Risk
116,,1,49,,,,,,,,,,,,,,No,High Risk
117,,1,65,,,,,,,,,,,,,,No,High Risk
118,,2,30,,,,,,,,,,,,,,Yes,High Risk
119,,2,62,,,,,,,,,,,,,,No,High Risk
120,,2,45,,,,,,,,,,,,,,Yes,High Risk
121,,2,58,,,,,,,,,,,,,,Yes,High Risk
122,,1,48,,,,,,,,,,,,,,Yes,High Risk
123,,2,63,,,,,,,,,,,,,,Yes,High Risk
124,,1,48,,,,,,,,,,,,,,No,High Risk
125,,1,51,,,,,,,,,,,,,,Yes,High Risk
126,,2,26,,,,,,,,,,,,,,No,High Risk
127,,2,23,,,,,,,,,,,,,,No,High Risk
128,,2,27,,,,,,,,,,,,,,No,High Risk
129,,2,43,,,,,,,,,,,,,,No,High Risk
130,,2,32,,,,,,,,,,,,,,Yes,High Risk
131,,2,23,,,,,,,,,,,,,,Yes,High Risk
132,,2,29,,,,,,,,,,,,,,Yes,High Risk
133,,1,29,,,,,,,,,,,,,,No,High Risk
134,,2,30,,,,,,,,,,,,,,No,High Risk
135,,1,24,,,,,,,,,,,,,,No,High Risk
136,,2,27,,,,,,,,,,,,,,No,High Risk
137,,1,52,,,,,,,,,,,,,,No,High Risk
138,,2,34,,,,,,,,,,,,,,No,High Risk
139,,2,29,,,,,,,,,,,,,,Yes,High Risk
140,,2,52,,,,,,,,,,,,,,Yes,High Risk
141,,2,24,,,,,,,,,,,,,,Yes,High Risk
142,,1,41,,,,,,,,,,,,,,Yes,High Risk
143,,1,65,,,,,,,,,,,,,,Yes,High Risk
144,,1,33,,,,,,,,,,,,,,No,High Risk
145,,1,21,,,,,,,,,,,,,,Yes,High Risk
146,,1,36,,,,,,,,,,,,,,No,High Risk
147,,2,59,,,,,,,,,,,,,,Yes,High Risk
148,,1,27,,,,,,,,,,,,,,Yes,High Risk
149,,1,46,,,,,,,,,,,,,,No,High Risk
150,,2,38,,,,,,,,,,,,,,Yes,High Risk
151,,2,62,,,,,,,,,,,,,,Yes,High Risk
152,,1,30,,,,,,,,,,,,,,No,High Risk
153,,2,31,,,,,,,,,,,,,,No,High Risk
154,,2,25,,,,,,,,,,,,,,Yes,High Risk
155,,2,45,,,,,,,,,,,,,,Yes,High Risk
156,,2,27,,,,,,,,,,,,,,Yes,High Risk
157,,1,42,,,,,,,,,,,,,,No,High Risk
158,,1,29,,,,,,,,,,,,,,No,High Risk
159,,1,18,,,,,,,,,,,,,,Yes,High Risk
160,,1,18,,,,,,,,,,,,,,Yes,High Risk
161,,2,26,,,,,,,,,,,,,,No,High Risk
162,,2,44,,,,,,,,,,,,,,Yes,High Risk
163,,1,45,,,,,,,,,,,,,,No,High Risk
164,,2,49,,,,,,,,,,,,,,Yes,High Risk
165,,2,42,,,,,,,,,,,,,,Yes,High Risk
166,,2,59,,,,,,,,,,,,,,No,High Risk
167,,2,28,,,,,,,,,,,,,,No,High Risk
168,,2,34,,,,,,,,,,,,,,No,High Risk
169,,1,64,,,,,,,,,,,,,,No,High Risk
170,,2,41,,,,,,,,,,,,,,No,High Risk
171,,2,59,,,,,,,,,,,,,,Yes,High Risk
172,,1,38,,,,,,,,,,,,,,Yes,High Risk
173,,2,41,,,,,,,,,,,,,,No,High Risk
174,,2,46,,,,,,,,,,,,,,Yes,High Risk
175,,2,37,,,,,,,,,,,,,,Yes,High Risk
176,,2,41,,,,,,,,,,,,,,No,High Risk
177,,1,61,,,,,,,,,,,,,,Yes,High Risk
178,,2,41,,,,,,,,,,,,,,No,High Risk
179,,1,21,,,,,,,,,,,,,,No,High Risk
180,,2,25,,,,,,,,,,,,,,Yes,High Risk
181,,2,33,,,,,,,,,,,,,,Yes,High Risk
182,,1,27,,,,,,,,,,,,,,Yes,High Risk
183,,2,41,,,,,,,,,,,,,,Yes,High Risk
184,,2,39,,,,,,,,,,,,,,Yes,High Risk
185,,1,22,,,,,,,,,,,,,,No,High Risk
186,,1,28,,,,,,,,,,,,,,Yes,High Risk
187,,2,24,,,,,,,,,,,,,,Yes,High Risk
188,,2,46,,,,,,,,,,,,,,Yes,High Risk
189,,1,29,,,,,,,,,,,,,,No,High Risk
190,,1,55,,,,,,,,,,,,,,Yes,High Risk
191,,2,35,,,,,,,,,,,,,,Yes,High Risk
192,,1,29,,,,,,,,,,,,,,No,High Risk
193,,1,27,,,,,,,,,,,,,,Yes,High Risk
194,,1,23,,,,,,,,,,,,,,Yes,High Risk
195,,2,49,,,,,,,,,,,,,,Yes,High Risk
196,,2,37,,,,,,,,,,,,,,Yes,High Risk
197,,2,26,,,,,,,,,,,,,,No,High Risk
198,,2,52,,,,,,,,,,,,,,Yes,High Risk
199,,2,20,,,,,,,,,,,,,,Yes,High Risk
200,,2,29,,,,,,,,,,,,,,No,High Risk
201,,1,60,,,,,,,,,,,,,,Yes,High Risk
202,,1,65,,,,,,,,,,,,,,Yes,High Risk
203,,2,64,,,,,,,,,,,,,,No,High Risk
204,,1,20,,,,,,,,,,,,,,No,High Risk
205,,2,59,,,,,,,,,,,,,,Yes,High Risk
206,,1,50,,,,,,,,,,,,,,No,High Risk
207,,2,59,,,,,,,,,,,,,,Yes,High Risk
208,,2,20,,,,,,,,,,,,,,Yes,High Risk
209,,1,48,,,,,,,,,,,,,,Yes,High Risk
210,,1,47,,,,,,,,,,,,,,No,High Risk
211,,2,65,,,,,,,,,,,,,,No,High Risk
212,,1,23,,,,,,,,,,,,,,Yes,High Risk
213,,1,48,,,,,,,,,,,,,,No,High Risk
214,,1,65,,,,,,,,,,,,,,Yes,High Risk
215,,2,54,,,,,,,,,,,,,,No,High Risk
216,,1,38,,,,,,,,,,,,,,No,High Risk
217,,2,24,,,,,,,,,,,,,,No,High Risk
218,,2,60,,,,,,,,,,,,,,No,High Risk
219,,1,27,,,,,,,,,,,,,,Yes,High Risk
220,,2,21,,,,,,,,,,,,,,No,High Risk
221,,2,52,,,,,,,,,,,,,,Yes,High Risk
222,,1,44,,,,,,,,,,,,,,Yes,High Risk
223,,2,22,,,,,,,,,,,,,,No,High Risk
224,,2,30,,,,,,,,,,,,,,No,High Risk
225,,2,19,,,,,,,,,,,,,,No,High Risk
226,,2,30,,,,,,,,,,,,,,Yes,High Risk
227,,2,61,,,,,,,,,,,,,,No,High Risk
228,,2,27,,,,,,,,,,,,,,No,High Risk
229,,1,45,,,,,,,,,,,,,,Yes,High Risk
230,,1,64,,,,,,,,,,,,,,Yes,High Risk
231,,2,29,,,,,,,,,,,,,,Yes,High Risk
232,,1,18,,,,,,,,,,,,,,Yes,High Risk
233,,2,56,,,,,,,,,,,,,,No,High Risk
234,,1,30,,,,,,,,,,,,,,Yes,High Risk
235,,2,64,,,,,,,,,,,,,,Yes,High Risk
236,,2,26,,,,,,,,,,,,,,No,High Risk
237,,1,45,,,,,,,,,,,,,,No,High Risk
238,,2,45,,,,,,,,,,,,,,Yes,High Risk
239,,2,64,,,,,,,,,,,,,,Yes,High Risk
240,,1,64,,,,,,,,,,,,,,No,High Risk
241,,2,58,,,,,,,,,,,,,,Yes,High Risk
242,,1,22,,,,,,,,,,,,,,Yes,High Risk
243,,1,39,,,,,,,,,,,,,,Yes,High Risk
244,,2,45,,,,,,,,,,,,,,Yes,High Risk
245,,1,33,,,,,,,,,,,,,,Yes,High Risk
246,,2,31,,,,,,,,,,,,,,No,High Risk
247,,2,63,,,,,,,,,,,,,,No,High Risk
248,,2,63,,,,,,,,,,,,,,No,High Risk
249,,2,46,,,,,,,,,,,,,,Yes,High Risk
250,,2,54,,,,,,,,,,,,,,Yes,High Risk
251,,2,21,,,,,,,,,,,,,,Yes,High Risk
252,,1,32,,,,,,,,,,,,,,No,High Risk
253,,2,54,,,,,,,,,,,,,,Yes,High Risk
254,,2,58,,,,,,,,,,,,,,No,High Risk
255,,2,19,,,,,,,,,,,,,,No,High Risk
256,,1,42,,,,,,,,,,,,,,No,High Risk
257,,1,40,,,,,,,,,,,,,,No,High Risk
258,,1,43,,,,,,,,,,,,,,Yes,High Risk
259,,1,40,,,,,,,,,,,,,,No,High Risk
260,,1,51,,,,,,,,,,,,,,Yes,High Risk
261,,2,32,,,,,,,,,,,,,,Yes,High Risk
262,,1,28,,,,,,,,,,,,,,Yes,High Risk
263,,1,59,,,,,,,,,,,,,,Yes,High Risk
264,,2,47,,,,,,,,,,,,,,Yes,High Risk
265,,1,19,,,,,,,,,,,,,,Yes,High Risk
266,,2,32,,,,,,,,,,,,,,No,High Risk
267,,2,43,,,,,,,,,,,,,,Yes,High Risk
268,,1,50,,,,,,,,,,,,,,Yes,High Risk
269,,1,29,,,,,,,,,,,,,,No,High Risk
270,,2,29,,,,,,,,,,,,,,Yes,High Risk
271,,1,48,,,,,,,,,,,,,,Yes,High Risk
272,,1,29,,,,,,,,,,,,,,No,High Risk
273,,2,35,,,,,,,,,,,,,,No,High Risk
274,,1,51,,,,,,,,,,,,,,No,High Risk
275,,2,65,,,,,,,,,,,,,,Yes,High Risk
276,,2,63,,,,,,,,,,,,,,No,High Risk
277,,2,31,,,,,,,,,,,,,,No,High Risk
278,,2,63,,,,,,,,,,,,,,Yes,High Risk
279,,2,42,,,,,,,,,,,,,,No,High Risk
280,,1,44,,,,,,,,,,,,,,Yes,High Risk
281,,1,59,,,,,,,,,,,,,,No,High Risk
282,,1,18,,,,,,,,,,,,,,Yes,High Risk
283,,1,53,,,,,,,,,,,,,,No,High Risk
284,,1,49,,,,,,,,,,,,,,Yes,High Risk
285,,1,20,,,,,,,,,,,,,,Yes,High Risk
286,,1,30,,,,,,,,,,,,,,No,High Risk
287,,2,21,,,,,,,,,,,,,,Yes,High Risk
288,,2,21,,,,,,,,,,,,,,Yes,High Risk
289,,2,21,,,,,,,,,,,,,,Yes,High Risk
290,,1,22,,,,,,,,,,,,,,No,High Risk
291,,2,47,,,,,,,,,,,,,,No,High Risk
292,,1,19,,,,,,,,,,,,,,Yes,High Risk
293,,2,28,,,,,,,,,,,,,,Yes,High Risk
294,,2,36,,,,,,,,,,,,,,No,High Risk
295,,1,49,,,,,,,,,,,,,,Yes,High Risk
296,,2,25,,,,,,,,,,,,,,No,High Risk
297,,1,20,,,,,,,,,,,,,,No,High Risk
298,,2,25,,,,,,,,,,,,,,No,High Risk
299,,1,18,,,,,,,,,,,,,,No,High Risk
300,,2,59,,,,,,,,,,,,,,No,High Risk
